,#,Constituency,Nation,Link,Result,First party,Second party,MP,Total votes,Votes for winner
0,1,Aberavon,Wales,https://www.bbc.co.uk/news/politics/constituencies/W07000049,LAB HOLD,Labour,Conservative,Stephen Kinnock,31598,17008
1,2,Aberconwy,Wales,https://www.bbc.co.uk/news/politics/constituencies/W07000058,CON HOLD,Conservative,Labour,Robin Millar,31865,14687
2,3,Aberdeen North,Scotland,https://www.bbc.co.uk/news/politics/constituencies/S14000001,SNP HOLD,Scottish National Party,Conservative,Kirsty Blackman,37413,20205
3,4,Aberdeen South,Scotland,https://www.bbc.co.uk/news/politics/constituencies/S14000002,SNP GAIN FROM CON,Scottish National Party,Conservative,Stephen Flynn,45638,20388
4,5,Aberdeenshire West & Kincardine,Scotland,https://www.bbc.co.uk/news/politics/constituencies/S14000058,CON HOLD,Conservative,Scottish National Party,Andrew Bowie,53345,22752
5,6,Airdrie & Shotts,Scotland,https://www.bbc.co.uk/news/politics/constituencies/S14000003,SNP HOLD,Scottish National Party,Labour,Neil Gray,39772,17929
6,7,Aldershot,England,https://www.bbc.co.uk/news/politics/constituencies/E14000530,CON HOLD,Conservative,Labour,Leo Docherty,47932,27980
7,8,Aldridge-Brownhills,England,https://www.bbc.co.uk/news/politics/constituencies/E14000531,CON HOLD,Conservative,Labour,Wendy Morton,39342,27850
8,9,Altrincham & Sale West,England,https://www.bbc.co.uk/news/politics/constituencies/E14000532,CON HOLD,Conservative,Labour,Graham Brady,54763,26311
9,10,Alyn & Deeside,Wales,https://www.bbc.co.uk/news/politics/constituencies/W07000043,LAB HOLD,Labour,Conservative,Mark Tami,43008,18271
10,11,Amber Valley,England,https://www.bbc.co.uk/news/politics/constituencies/E14000533,CON HOLD,Conservative,Labour,Nigel Mills,45567,29096
11,12,Angus,Scotland,https://www.bbc.co.uk/news/politics/constituencies/S14000004,SNP GAIN FROM CON,Scottish National Party,Conservative,Dave Doogan,43170,21216
12,13,Arfon,Wales,https://www.bbc.co.uk/news/politics/constituencies/W07000057,PC HOLD,Plaid Cymru,Labour,Hywel Williams,29074,13134
13,14,Argyll & Bute,Scotland,https://www.bbc.co.uk/news/politics/constituencies/S14000005,SNP HOLD,Scottish National Party,Conservative,Brendan O'Hara,48050,21040
14,15,Arundel & South Downs,England,https://www.bbc.co.uk/news/politics/constituencies/E14000534,CON HOLD,Conservative,Liberal Democrat,Andrew Griffith,61408,35566
15,16,Ashfield,England,https://www.bbc.co.uk/news/politics/constituencies/E14000535,CON GAIN FROM LAB,Conservative,Ashfield Independents,Lee Anderson,48980,19231
16,17,Ashford,England,https://www.bbc.co.uk/news/politics/constituencies/E14000536,CON HOLD,Conservative,Labour,Damian Green,60059,37270
17,18,Ashton-under-Lyne,England,https://www.bbc.co.uk/news/politics/constituencies/E14000537,LAB HOLD,Labour,Conservative,Angela Rayner,38579,18544
18,19,Aylesbury,England,https://www.bbc.co.uk/news/politics/constituencies/E14000538,CON HOLD,Conservative,Labour,Rob Butler,60576,32737
19,20,"Ayr, Carrick & Cumnock",Scotland,https://www.bbc.co.uk/news/politics/constituencies/S14000006,SNP GAIN FROM CON,Scottish National Party,Conservative,Allan Dorans,46592,20272
20,21,Ayrshire Central,Scotland,https://www.bbc.co.uk/news/politics/constituencies/S14000010,SNP HOLD,Scottish National Party,Conservative,Philippa Whitford,46534,21486
21,22,Ayrshire North & Arran,Scotland,https://www.bbc.co.uk/news/politics/constituencies/S14000048,SNP HOLD,Scottish National Party,Conservative,Patricia Gibson,48154,23376
22,23,Banbury,England,https://www.bbc.co.uk/news/politics/constituencies/E14000539,CON HOLD,Conservative,Labour,Victoria Prentis,62921,34148
23,24,Banff & Buchan,Scotland,https://www.bbc.co.uk/news/politics/constituencies/S14000007,CON HOLD,Conservative,Scottish National Party,David Duguid,42260,21182
24,25,Barking,England,https://www.bbc.co.uk/news/politics/constituencies/E14000540,LAB HOLD,Labour,Conservative,Margaret Hodge,44499,27219
25,26,Barnsley Central,England,https://www.bbc.co.uk/news/politics/constituencies/E14000541,LAB HOLD,Labour,The Brexit Party,Dan Jarvis,36903,14804
26,27,Barnsley East,England,https://www.bbc.co.uk/news/politics/constituencies/E14000542,LAB HOLD,Labour,The Brexit Party,Stephanie Peacock,38070,14329
27,28,Barrow & Furness,England,https://www.bbc.co.uk/news/politics/constituencies/E14000543,CON GAIN FROM LAB,Conservative,Labour,Simon Fell,46046,23876
28,29,Basildon & Billericay,England,https://www.bbc.co.uk/news/politics/constituencies/E14000544,CON HOLD,Conservative,Labour,John Baron,44128,29590
29,30,Basildon South & Thurrock East,England,https://www.bbc.co.uk/news/politics/constituencies/E14000933,CON HOLD,Conservative,Labour,Stephen Metcalfe,45297,29973
30,31,Basingstoke,England,https://www.bbc.co.uk/news/politics/constituencies/E14000545,CON HOLD,Conservative,Labour,Maria Miller,54713,29593
31,32,Bassetlaw,England,https://www.bbc.co.uk/news/politics/constituencies/E14000546,CON GAIN FROM LAB,Conservative,Labour,Brendan Clarke-Smith,50841,28078
32,33,Bath,England,https://www.bbc.co.uk/news/politics/constituencies/E14000547,LD HOLD,Liberal Democrat,Conservative,Wera Hobhouse,52138,28419
33,34,Batley & Spen,England,https://www.bbc.co.uk/news/politics/constituencies/E14000548,LAB HOLD,Labour,Conservative,Tracy Brabin,52927,22594
34,35,Battersea,England,https://www.bbc.co.uk/news/politics/constituencies/E14000549,LAB HOLD,Labour,Conservative,Marsha De Cordova,59977,27290
35,36,Beaconsfield,England,https://www.bbc.co.uk/news/politics/constituencies/E14000550,CON HOLD,Conservative,Independent,Joy Morrissey,57868,32477
36,37,Beckenham,England,https://www.bbc.co.uk/news/politics/constituencies/E14000551,CON HOLD,Conservative,Labour,Bob Stewart,50555,27282
37,38,Bedford,England,https://www.bbc.co.uk/news/politics/constituencies/E14000552,LAB HOLD,Labour,Conservative,Mohammad Yasin,47301,20491
38,39,Bedfordshire Mid,England,https://www.bbc.co.uk/news/politics/constituencies/E14000813,CON HOLD,Conservative,Labour,Nadine Dorries,64717,38692
39,40,Bedfordshire North East,England,https://www.bbc.co.uk/news/politics/constituencies/E14000841,CON HOLD,Conservative,Labour,Richard Fuller,65018,38443
40,41,Bedfordshire South West,England,https://www.bbc.co.uk/news/politics/constituencies/E14000949,CON HOLD,Conservative,Labour,Andrew Selous,53307,32212
41,42,Belfast East,Northern Ireland,https://www.bbc.co.uk/news/politics/constituencies/N06000001,DUP HOLD,Democratic Unionist Party,Alliance Party,Gavin Robinson,42445,20874
42,43,Belfast North,Northern Ireland,https://www.bbc.co.uk/news/politics/constituencies/N06000002,SF GAIN FROM DUP,Sinn Féin,Democratic Unionist Party,John Finucane,49037,23078
43,44,Belfast South,Northern Ireland,https://www.bbc.co.uk/news/politics/constituencies/N06000003,SDLP GAIN FROM DUP,Social Democratic & Labour Party,Democratic Unionist Party,Claire Hanna,47352,27079
44,45,Belfast West,Northern Ireland,https://www.bbc.co.uk/news/politics/constituencies/N06000004,SF HOLD,Sinn Féin,People Before Profit,Paul Maskey,38782,20866
45,46,Bermondsey & Old Southwark,England,https://www.bbc.co.uk/news/politics/constituencies/E14000553,LAB HOLD,Labour,Liberal Democrat,Neil Coyle,58615,31723
46,47,Berwick-upon-Tweed,England,https://www.bbc.co.uk/news/politics/constituencies/E14000554,CON HOLD,Conservative,Labour,Anne-Marie Trevelyan,42109,23947
47,48,"Berwickshire, Roxburgh & Selkirk",Scotland,https://www.bbc.co.uk/news/politics/constituencies/S14000008,CON HOLD,Conservative,Scottish National Party,John Lamont,53146,25747
48,49,Bethnal Green & Bow,England,https://www.bbc.co.uk/news/politics/constituencies/E14000555,LAB HOLD,Labour,Conservative,Rushanara Ali,60562,44052
49,50,Beverley & Holderness,England,https://www.bbc.co.uk/news/politics/constituencies/E14000556,CON HOLD,Conservative,Labour,Graham Stuart,53542,33250
50,51,Bexhill & Battle,England,https://www.bbc.co.uk/news/politics/constituencies/E14000557,CON HOLD,Conservative,Labour,Huw Merriman,59093,37590
51,52,Bexleyheath & Crayford,England,https://www.bbc.co.uk/news/politics/constituencies/E14000558,CON HOLD,Conservative,Labour,David Evennett,43246,25856
52,53,Birkenhead,England,https://www.bbc.co.uk/news/politics/constituencies/E14000559,LAB HOLD,Labour,Birkenhead Social Justice Party,Mick Whitley,42329,24990
53,54,Birmingham Edgbaston,England,https://www.bbc.co.uk/news/politics/constituencies/E14000560,LAB HOLD,Labour,Conservative,Preet Gill,42328,21217
54,55,Birmingham Erdington,England,https://www.bbc.co.uk/news/politics/constituencies/E14000561,LAB HOLD,Labour,Conservative,Jack Dromey,35229,17720
55,56,Birmingham Hall Green,England,https://www.bbc.co.uk/news/politics/constituencies/E14000562,LAB HOLD,Labour,Conservative,Tahir Ali,52911,35889
56,57,Birmingham Hodge Hill,England,https://www.bbc.co.uk/news/politics/constituencies/E14000563,LAB HOLD,Labour,Conservative,Liam Byrne,45003,35397
57,58,Birmingham Ladywood,England,https://www.bbc.co.uk/news/politics/constituencies/E14000564,LAB HOLD,Labour,Conservative,Shabana Mahmood,42118,33355
58,59,Birmingham Northfield,England,https://www.bbc.co.uk/news/politics/constituencies/E14000565,CON GAIN FROM LAB,Conservative,Labour,Gary Sambrook,43098,19957
59,60,Birmingham Perry Barr,England,https://www.bbc.co.uk/news/politics/constituencies/E14000566,LAB HOLD,Labour,Conservative,Khalid Mahmood,42147,26594
60,61,Birmingham Selly Oak,England,https://www.bbc.co.uk/news/politics/constituencies/E14000567,LAB HOLD,Labour,Conservative,Steve McCabe,49467,27714
61,62,Birmingham Yardley,England,https://www.bbc.co.uk/news/politics/constituencies/E14000568,LAB HOLD,Labour,Conservative,Jess Phillips,42678,23379
62,63,Bishop Auckland,England,https://www.bbc.co.uk/news/politics/constituencies/E14000569,CON GAIN FROM LAB,Conservative,Labour,Dehenna Davison,44805,24067
63,64,Blackburn,England,https://www.bbc.co.uk/news/politics/constituencies/E14000570,LAB HOLD,Labour,Conservative,Kate Hollern,44736,29040
64,65,Blackley & Broughton,England,https://www.bbc.co.uk/news/politics/constituencies/E14000571,LAB HOLD,Labour,Conservative,Graham Stringer,38618,23887
65,66,Blackpool North & Cleveleys,England,https://www.bbc.co.uk/news/politics/constituencies/E14000572,CON HOLD,Conservative,Labour,Paul Maynard,38804,22364
66,67,Blackpool South,England,https://www.bbc.co.uk/news/politics/constituencies/E14000573,CON GAIN FROM LAB,Conservative,Labour,Scott Benton,32752,16247
67,68,Blaenau Gwent,Wales,https://www.bbc.co.uk/news/politics/constituencies/W07000072,LAB HOLD,Labour,The Brexit Party,Nick Smith,30219,14862
68,69,Blaydon,England,https://www.bbc.co.uk/news/politics/constituencies/E14000574,LAB HOLD,Labour,Conservative,Liz Twist,45681,19794
69,70,Blyth Valley,England,https://www.bbc.co.uk/news/politics/constituencies/E14000575,CON GAIN FROM LAB,Conservative,Labour,Ian Levy,40859,17440
70,71,Bognor Regis & Littlehampton,England,https://www.bbc.co.uk/news/politics/constituencies/E14000576,CON HOLD,Conservative,Labour,Nick Gibb,51223,32521
71,72,Bolsover,England,https://www.bbc.co.uk/news/politics/constituencies/E14000577,CON GAIN FROM LAB,Conservative,Labour,Mark Fletcher,45938,21791
72,73,Bolton North East,England,https://www.bbc.co.uk/news/politics/constituencies/E14000578,CON GAIN FROM LAB,Conservative,Labour,Mark Logan,43556,19759
73,74,Bolton South East,England,https://www.bbc.co.uk/news/politics/constituencies/E14000579,LAB HOLD,Labour,Conservative,Yasmin Qureshi,40604,21516
74,75,Bolton West,England,https://www.bbc.co.uk/news/politics/constituencies/E14000580,CON HOLD,Conservative,Labour,Chris Green,49298,27255
75,76,Bootle,England,https://www.bbc.co.uk/news/politics/constituencies/E14000581,LAB HOLD,Labour,Conservative,Peter Dowd,49174,39066
76,77,Boston & Skegness,England,https://www.bbc.co.uk/news/politics/constituencies/E14000582,CON HOLD,Conservative,Labour,Matt Warman,41696,31963
77,78,Bosworth,England,https://www.bbc.co.uk/news/politics/constituencies/E14000583,CON HOLD,Conservative,Labour,Luke Evans,56432,36056
78,79,Bournemouth East,England,https://www.bbc.co.uk/news/politics/constituencies/E14000584,CON HOLD,Conservative,Labour,Tobias Ellwood,49274,24926
79,80,Bournemouth West,England,https://www.bbc.co.uk/news/politics/constituencies/E14000585,CON HOLD,Conservative,Labour,Conor Burns,45977,24550
80,81,Bracknell,England,https://www.bbc.co.uk/news/politics/constituencies/E14000586,CON HOLD,Conservative,Labour,James Sunderland,54350,31894
81,82,Bradford East,England,https://www.bbc.co.uk/news/politics/constituencies/E14000587,LAB HOLD,Labour,Conservative,Imran Hussain,44184,27825
82,83,Bradford South,England,https://www.bbc.co.uk/news/politics/constituencies/E14000588,LAB HOLD,Labour,Conservative,Judith Cummins,39741,18390
83,84,Bradford West,England,https://www.bbc.co.uk/news/politics/constituencies/E14000589,LAB HOLD,Labour,Conservative,Naz Shah,44261,33736
84,85,Braintree,England,https://www.bbc.co.uk/news/politics/constituencies/E14000590,CON HOLD,Conservative,Labour,James Cleverly,50499,34112
85,86,Brecon & Radnorshire,Wales,https://www.bbc.co.uk/news/politics/constituencies/W07000068,CON WIN,Conservative,Liberal Democrat,Fay Jones,41319,21958
86,87,Brent Central,England,https://www.bbc.co.uk/news/politics/constituencies/E14000591,LAB HOLD,Labour,Conservative,Dawn Butler,49132,31779
87,88,Brent North,England,https://www.bbc.co.uk/news/politics/constituencies/E14000592,LAB HOLD,Labour,Conservative,Barry Gardiner,51879,26911
88,89,Brentford & Isleworth,England,https://www.bbc.co.uk/news/politics/constituencies/E14000593,LAB HOLD,Labour,Conservative,Ruth Cadbury,58326,29266
89,90,Brentwood & Ongar,England,https://www.bbc.co.uk/news/politics/constituencies/E14000594,CON HOLD,Conservative,Labour,Alex Burghart,52949,36308
90,91,Bridgend,Wales,https://www.bbc.co.uk/news/politics/constituencies/W07000073,CON GAIN FROM LAB,Conservative,Labour,Jamie Wallis,42236,18193
91,92,Bridgwater & Somerset West,England,https://www.bbc.co.uk/news/politics/constituencies/E14000595,CON HOLD,Conservative,Labour,Ian Liddell-Grainger,57652,35827
92,93,Brigg & Goole,England,https://www.bbc.co.uk/news/politics/constituencies/E14000596,CON HOLD,Conservative,Labour,Andrew Percy,43402,30941
93,94,Brighton Kemptown,England,https://www.bbc.co.uk/news/politics/constituencies/E14000597,LAB HOLD,Labour,Conservative,Lloyd Russell-Moyle,48533,25033
94,95,Brighton Pavilion,England,https://www.bbc.co.uk/news/politics/constituencies/E14000598,GRN HOLD,Green,Labour,Caroline Lucas,57998,33151
95,96,Bristol East,England,https://www.bbc.co.uk/news/politics/constituencies/E14000599,LAB HOLD,Labour,Conservative,Kerry McCarthy,52154,27717
96,97,Bristol North West,England,https://www.bbc.co.uk/news/politics/constituencies/E14000600,LAB HOLD,Labour,Conservative,Darren Jones,55885,27330
97,98,Bristol South,England,https://www.bbc.co.uk/news/politics/constituencies/E14000601,LAB HOLD,Labour,Conservative,Karin Smyth,55196,27895
98,99,Bristol West,England,https://www.bbc.co.uk/news/politics/constituencies/E14000602,LAB HOLD,Labour,Green,Thangam Debbonaire,75528,47028
99,100,Broadland,England,https://www.bbc.co.uk/news/politics/constituencies/E14000603,CON HOLD,Conservative,Labour,Jerome Mayhew,56977,33934
100,101,Bromley & Chislehurst,England,https://www.bbc.co.uk/news/politics/constituencies/E14000604,CON HOLD,Conservative,Labour,Bob Neill,45566,23958
101,102,Bromsgrove,England,https://www.bbc.co.uk/news/politics/constituencies/E14000605,CON HOLD,Conservative,Labour,Sajid Javid,54272,34408
102,103,Broxbourne,England,https://www.bbc.co.uk/news/politics/constituencies/E14000606,CON HOLD,Conservative,Labour,Charles Walker,46706,30631
103,104,Broxtowe,England,https://www.bbc.co.uk/news/politics/constituencies/E14000607,CON HOLD,Conservative,Labour,Darren Henry,55272,26602
104,105,Buckingham,England,https://www.bbc.co.uk/news/politics/constituencies/E14000608,CON WIN,Conservative,Liberal Democrat,Greg Smith,63458,37035
105,106,Burnley,England,https://www.bbc.co.uk/news/politics/constituencies/E14000609,CON GAIN FROM LAB,Conservative,Labour,Antony Higginbotham,38984,15720
106,107,Burton,England,https://www.bbc.co.uk/news/politics/constituencies/E14000610,CON HOLD,Conservative,Labour,Kate Griffiths,48738,29560
107,108,Bury North,England,https://www.bbc.co.uk/news/politics/constituencies/E14000611,CON GAIN FROM LAB,Conservative,Labour,James Daly,46841,21660
108,109,Bury South,England,https://www.bbc.co.uk/news/politics/constituencies/E14000612,CON GAIN FROM LAB,Conservative,Labour,Christian Wakeford,50274,22034
109,110,Bury St Edmunds,England,https://www.bbc.co.uk/news/politics/constituencies/E14000613,CON HOLD,Conservative,Labour,Jo Churchill,61957,37770
110,111,Caerphilly,Wales,https://www.bbc.co.uk/news/politics/constituencies/W07000076,LAB HOLD,Labour,Conservative,Wayne David,40117,18018
111,112,"Caithness, Sutherland & Easter Ross",Scotland,https://www.bbc.co.uk/news/politics/constituencies/S14000009,LD HOLD,Liberal Democrat,Scottish National Party,Jamie Stone,31457,11705
112,113,Calder Valley,England,https://www.bbc.co.uk/news/politics/constituencies/E14000614,CON HOLD,Conservative,Labour,Craig Whittaker,57793,29981
113,114,Camberwell & Peckham,England,https://www.bbc.co.uk/news/politics/constituencies/E14000615,LAB HOLD,Labour,Conservative,Harriet Harman,56492,40258
114,115,Camborne & Redruth,England,https://www.bbc.co.uk/news/politics/constituencies/E14000616,CON HOLD,Conservative,Labour,George Eustice,50367,26764
115,116,Cambridge,England,https://www.bbc.co.uk/news/politics/constituencies/E14000617,LAB HOLD,Labour,Liberal Democrat,Daniel Zeichner,53729,25776
116,117,Cambridgeshire North East,England,https://www.bbc.co.uk/news/politics/constituencies/E14000842,CON HOLD,Conservative,Labour,Steve Barclay,52964,38423
117,118,Cambridgeshire North West,England,https://www.bbc.co.uk/news/politics/constituencies/E14000855,CON HOLD,Conservative,Labour,Shailesh Vara,64533,40307
118,119,Cambridgeshire South,England,https://www.bbc.co.uk/news/politics/constituencies/E14000934,CON HOLD,Conservative,Liberal Democrat,Anthony Browne,66929,31015
119,120,Cambridgeshire South East,England,https://www.bbc.co.uk/news/politics/constituencies/E14000937,CON HOLD,Conservative,Liberal Democrat,Lucy Frazer,64385,32187
120,121,Cannock Chase,England,https://www.bbc.co.uk/news/politics/constituencies/E14000618,CON HOLD,Conservative,Labour,Amanda Milling,46313,31636
121,122,Canterbury,England,https://www.bbc.co.uk/news/politics/constituencies/E14000619,LAB HOLD,Labour,Conservative,Rosie Duffield,60113,29018
122,123,Cardiff Central,Wales,https://www.bbc.co.uk/news/politics/constituencies/W07000050,LAB HOLD,Labour,Conservative,Jo Stevens,41822,25605
123,124,Cardiff North,Wales,https://www.bbc.co.uk/news/politics/constituencies/W07000051,LAB HOLD,Labour,Conservative,Anna McMorrin,52666,26064
124,125,Cardiff South & Penarth,Wales,https://www.bbc.co.uk/news/politics/constituencies/W07000080,LAB HOLD,Labour,Conservative,Stephen Doughty,50579,27382
125,126,Cardiff West,Wales,https://www.bbc.co.uk/news/politics/constituencies/W07000079,LAB HOLD,Labour,Conservative,Kevin Brennan,46177,23908
126,127,Carlisle,England,https://www.bbc.co.uk/news/politics/constituencies/E14000620,CON HOLD,Conservative,Labour,John Stevenson,42873,23659
127,128,Carmarthen East & Dinefwr,Wales,https://www.bbc.co.uk/news/politics/constituencies/W07000067,PC HOLD,Plaid Cymru,Conservative,Jonathan Edwards,41002,15939
128,129,Carmarthen West & Pembrokeshire South,Wales,https://www.bbc.co.uk/news/politics/constituencies/W07000066,CON HOLD,Conservative,Labour,Simon Hart,42114,22183
129,130,Carshalton & Wallington,England,https://www.bbc.co.uk/news/politics/constituencies/E14000621,CON GAIN FROM LD,Conservative,Liberal Democrat,Elliot Colburn,49098,20822
130,131,Castle Point,England,https://www.bbc.co.uk/news/politics/constituencies/E14000622,CON HOLD,Conservative,Labour,Rebecca Harris,44277,33971
131,132,Ceredigion,Wales,https://www.bbc.co.uk/news/politics/constituencies/W07000064,PC HOLD,Plaid Cymru,Conservative,Ben Lake,40105,15208
132,133,Charnwood,England,https://www.bbc.co.uk/news/politics/constituencies/E14000625,CON HOLD,Conservative,Labour,Edward Argar,55365,35121
133,134,Chatham & Aylesford,England,https://www.bbc.co.uk/news/politics/constituencies/E14000626,CON HOLD,Conservative,Labour,Tracey Crouch,43340,28856
134,135,Cheadle,England,https://www.bbc.co.uk/news/politics/constituencies/E14000627,CON HOLD,Conservative,Liberal Democrat,Mary Robinson,55903,25694
135,136,Chelmsford,England,https://www.bbc.co.uk/news/politics/constituencies/E14000628,CON HOLD,Conservative,Liberal Democrat,Vicky Ford,57122,31934
136,137,Chelsea & Fulham,England,https://www.bbc.co.uk/news/politics/constituencies/E14000629,CON HOLD,Conservative,Liberal Democrat,Greg Hands,46821,23345
137,138,Cheltenham,England,https://www.bbc.co.uk/news/politics/constituencies/E14000630,CON HOLD,Conservative,Liberal Democrat,Alex Chalk,59357,28486
138,139,Chesham & Amersham,England,https://www.bbc.co.uk/news/politics/constituencies/E14000631,CON HOLD,Conservative,Liberal Democrat,Cheryl Gillan,55685,30850
139,140,"Chester, City of",England,https://www.bbc.co.uk/news/politics/constituencies/E14000640,LAB HOLD,Labour,Conservative,Chris Matheson,54560,27082
140,141,Chesterfield,England,https://www.bbc.co.uk/news/politics/constituencies/E14000632,LAB HOLD,Labour,Conservative,Toby Perkins,45186,18171
141,142,Chichester,England,https://www.bbc.co.uk/news/politics/constituencies/E14000633,CON HOLD,Conservative,Liberal Democrat,Gillian Keegan,61243,35402
142,143,Chingford & Woodford Green,England,https://www.bbc.co.uk/news/politics/constituencies/E14000634,CON HOLD,Conservative,Labour,Iain Duncan Smith,48444,23481
143,144,Chippenham,England,https://www.bbc.co.uk/news/politics/constituencies/E14000635,CON HOLD,Conservative,Liberal Democrat,Michelle Donelan,57099,30994
144,145,Chipping Barnet,England,https://www.bbc.co.uk/news/politics/constituencies/E14000636,CON HOLD,Conservative,Labour,Theresa Villiers,57569,25745
145,146,Chorley,England,https://www.bbc.co.uk/news/politics/constituencies/E14000637,SPE WIN,Speaker,Independent,Lindsay Hoyle,39870,26831
146,147,Christchurch,England,https://www.bbc.co.uk/news/politics/constituencies/E14000638,CON HOLD,Conservative,Liberal Democrat,Christopher Chope,51951,33894
147,148,Cities of London & Westminster,England,https://www.bbc.co.uk/news/politics/constituencies/E14000639,CON HOLD,Conservative,Liberal Democrat,Nickie Aiken,42723,17049
148,149,Clacton,England,https://www.bbc.co.uk/news/politics/constituencies/E14000642,CON HOLD,Conservative,Labour,Giles Watling,43506,31438
149,150,Cleethorpes,England,https://www.bbc.co.uk/news/politics/constituencies/E14000643,CON HOLD,Conservative,Labour,Martin Vickers,46339,31969
150,151,Clwyd South,Wales,https://www.bbc.co.uk/news/politics/constituencies/W07000062,CON GAIN FROM LAB,Conservative,Labour,Simon Baynes,36306,16222
151,152,Clwyd West,Wales,https://www.bbc.co.uk/news/politics/constituencies/W07000059,CON HOLD,Conservative,Labour,David Jones,40203,20403
152,153,"Coatbridge, Chryston & Bellshill",Scotland,https://www.bbc.co.uk/news/politics/constituencies/S14000011,SNP GAIN FROM LAB,Scottish National Party,Labour,Steven Bonnar,48221,22680
153,154,Colchester,England,https://www.bbc.co.uk/news/politics/constituencies/E14000644,CON HOLD,Conservative,Labour,Will Quince,53373,26917
154,155,Colne Valley,England,https://www.bbc.co.uk/news/politics/constituencies/E14000645,CON GAIN FROM LAB,Conservative,Labour,Jason McCartney,60892,29482
155,156,Congleton,England,https://www.bbc.co.uk/news/politics/constituencies/E14000646,CON HOLD,Conservative,Labour,Fiona Bruce,57233,33747
156,157,Copeland,England,https://www.bbc.co.uk/news/politics/constituencies/E14000647,CON HOLD,Conservative,Labour,Trudy Harrison,42523,22856
157,158,Corby,England,https://www.bbc.co.uk/news/politics/constituencies/E14000648,CON HOLD,Conservative,Labour,Tom Pursglove,60475,33410
158,159,Cornwall North,England,https://www.bbc.co.uk/news/politics/constituencies/E14000837,CON HOLD,Conservative,Liberal Democrat,Scott Mann,51678,30671
159,160,Cornwall South East,England,https://www.bbc.co.uk/news/politics/constituencies/E14000938,CON HOLD,Conservative,Labour,Sheryll Murray,53655,31807
160,161,"Cotswolds, The",England,https://www.bbc.co.uk/news/politics/constituencies/E14000991,CON HOLD,Conservative,Liberal Democrat,Geoffrey Clifton-Brown,61176,35484
161,162,Coventry North East,England,https://www.bbc.co.uk/news/politics/constituencies/E14000649,LAB HOLD,Labour,Conservative,Colleen Fletcher,44444,23412
162,163,Coventry North West,England,https://www.bbc.co.uk/news/politics/constituencies/E14000650,LAB HOLD,Labour,Conservative,Taiwo Owatemi,47744,20918
163,164,Coventry South,England,https://www.bbc.co.uk/news/politics/constituencies/E14000651,LAB HOLD,Labour,Conservative,Zarah Sultana,45044,19544
164,165,Crawley,England,https://www.bbc.co.uk/news/politics/constituencies/E14000652,CON HOLD,Conservative,Labour,Henry Smith,49899,27040
165,166,Crewe & Nantwich,England,https://www.bbc.co.uk/news/politics/constituencies/E14000653,CON GAIN FROM LAB,Conservative,Labour,Kieran Mullan,54032,28704
166,167,Croydon Central,England,https://www.bbc.co.uk/news/politics/constituencies/E14000654,LAB HOLD,Labour,Conservative,Sarah Jones,54045,27124
167,168,Croydon North,England,https://www.bbc.co.uk/news/politics/constituencies/E14000655,LAB HOLD,Labour,Conservative,Steve Reed,55609,36495
168,169,Croydon South,England,https://www.bbc.co.uk/news/politics/constituencies/E14000656,CON HOLD,Conservative,Labour,Chris Philp,59358,30985
169,170,"Cumbernauld, Kilsyth & Kirkintilloch East",Scotland,https://www.bbc.co.uk/news/politics/constituencies/S14000012,SNP HOLD,Scottish National Party,Labour,Stuart McDonald,45686,24158
170,171,Cynon Valley,Wales,https://www.bbc.co.uk/news/politics/constituencies/W07000070,LAB HOLD,Labour,Conservative,Beth Winter,30236,15533
171,172,Dagenham & Rainham,England,https://www.bbc.co.uk/news/politics/constituencies/E14000657,LAB HOLD,Labour,Conservative,Jon Cruddas,43735,19468
172,173,Darlington,England,https://www.bbc.co.uk/news/politics/constituencies/E14000658,CON GAIN FROM LAB,Conservative,Labour,Peter Gibson,43498,20901
173,174,Dartford,England,https://www.bbc.co.uk/news/politics/constituencies/E14000659,CON HOLD,Conservative,Labour,Gareth Johnson,54023,34006
174,175,Daventry,England,https://www.bbc.co.uk/news/politics/constituencies/E14000660,CON HOLD,Conservative,Labour,Chris Heaton-Harris,57403,37055
175,176,Delyn,Wales,https://www.bbc.co.uk/news/politics/constituencies/W07000042,CON GAIN FROM LAB,Conservative,Labour,Rob Roberts,38370,16756
176,177,Denton & Reddish,England,https://www.bbc.co.uk/news/politics/constituencies/E14000661,LAB HOLD,Labour,Conservative,Andrew Gwynne,38588,19317
177,178,Derby North,England,https://www.bbc.co.uk/news/politics/constituencies/E14000662,CON GAIN FROM LAB,Conservative,Labour,Amanda Solloway,47017,21259
178,179,Derby South,England,https://www.bbc.co.uk/news/politics/constituencies/E14000663,LAB HOLD,Labour,Conservative,Margaret Beckett,42462,21690
179,180,Derbyshire Dales,England,https://www.bbc.co.uk/news/politics/constituencies/E14000664,CON HOLD,Conservative,Labour,Sarah Dines,50016,29356
180,181,Derbyshire Mid,England,https://www.bbc.co.uk/news/politics/constituencies/E14000814,CON HOLD,Conservative,Labour,Pauline Latham,49356,29027
181,182,Derbyshire North East,England,https://www.bbc.co.uk/news/politics/constituencies/E14000843,CON HOLD,Conservative,Labour,Lee Rowley,49217,28897
182,183,Derbyshire South,England,https://www.bbc.co.uk/news/politics/constituencies/E14000935,CON HOLD,Conservative,Labour,Heather Wheeler,53381,33502
183,184,Devizes,England,https://www.bbc.co.uk/news/politics/constituencies/E14000665,CON HOLD,Conservative,Liberal Democrat,Danny Kruger,50954,32150
184,185,Devon Central,England,https://www.bbc.co.uk/news/politics/constituencies/E14000623,CON HOLD,Conservative,Labour,Mel Stride,58072,32095
185,186,Devon East,England,https://www.bbc.co.uk/news/politics/constituencies/E14000678,CON HOLD,Conservative,Independent,Simon Jupp,64073,32577
186,187,Devon North,England,https://www.bbc.co.uk/news/politics/constituencies/E14000838,CON HOLD,Conservative,Liberal Democrat,Selaine Saxby,55581,31479
187,188,Devon South West,England,https://www.bbc.co.uk/news/politics/constituencies/E14000950,CON HOLD,Conservative,Labour,Gary Streeter,53367,33286
188,189,Devon West & Torridge,England,https://www.bbc.co.uk/news/politics/constituencies/E14001000,CON HOLD,Conservative,Liberal Democrat,Geoffrey Cox,59730,35904
189,190,Dewsbury,England,https://www.bbc.co.uk/news/politics/constituencies/E14000666,CON GAIN FROM LAB,Conservative,Labour,Mark Eastwood,56389,26179
190,191,Don Valley,England,https://www.bbc.co.uk/news/politics/constituencies/E14000667,CON GAIN FROM LAB,Conservative,Labour,Nick Fletcher,45437,19609
191,192,Doncaster Central,England,https://www.bbc.co.uk/news/politics/constituencies/E14000668,LAB HOLD,Labour,Conservative,Rosie Winterton,41581,16638
192,193,Doncaster North,England,https://www.bbc.co.uk/news/politics/constituencies/E14000669,LAB HOLD,Labour,Conservative,Ed Miliband,40698,15740
193,194,Dorset Mid & Poole North,England,https://www.bbc.co.uk/news/politics/constituencies/E14000815,CON HOLD,Conservative,Liberal Democrat,Michael Tomlinson,48930,29548
194,195,Dorset North,England,https://www.bbc.co.uk/news/politics/constituencies/E14000839,CON HOLD,Conservative,Liberal Democrat,Simon Hoare,56107,35705
195,196,Dorset South,England,https://www.bbc.co.uk/news/politics/constituencies/E14000936,CON HOLD,Conservative,Labour,Richard Drax,51058,30024
196,197,Dorset West,England,https://www.bbc.co.uk/news/politics/constituencies/E14001031,CON HOLD,Conservative,Liberal Democrat,Chris Loder,60925,33589
197,198,Dover,England,https://www.bbc.co.uk/news/politics/constituencies/E14000670,CON HOLD,Conservative,Labour,Natalie Elphicke,50701,28830
198,199,Dudley North,England,https://www.bbc.co.uk/news/politics/constituencies/E14000671,CON GAIN FROM LAB,Conservative,Labour,Marco Longhi,36684,23134
199,200,Dudley South,England,https://www.bbc.co.uk/news/politics/constituencies/E14000672,CON HOLD,Conservative,Labour,Mike Wood,36576,24835
200,201,Dulwich & West Norwood,England,https://www.bbc.co.uk/news/politics/constituencies/E14000673,LAB HOLD,Labour,Green,Helen Hayes,55778,36521
201,202,Dumfries & Galloway,Scotland,https://www.bbc.co.uk/news/politics/constituencies/S14000013,CON HOLD,Conservative,Scottish National Party,Alister Jack,51429,22678
202,203,"Dumfriesshire, Clydesdale & Tweeddale",Scotland,https://www.bbc.co.uk/news/politics/constituencies/S14000014,CON HOLD,Conservative,Scottish National Party,David Mundell,49153,22611
203,204,Dunbartonshire East,Scotland,https://www.bbc.co.uk/news/politics/constituencies/S14000018,SNP GAIN FROM LD,Scottish National Party,Liberal Democrat,Amy Callaghan,53031,19672
204,205,Dunbartonshire West,Scotland,https://www.bbc.co.uk/news/politics/constituencies/S14000059,SNP HOLD,Scottish National Party,Labour,Martin Docherty,45140,22396
205,206,Dundee East,Scotland,https://www.bbc.co.uk/news/politics/constituencies/S14000015,SNP HOLD,Scottish National Party,Conservative,Stewart Hosie,45277,24361
206,207,Dundee West,Scotland,https://www.bbc.co.uk/news/politics/constituencies/S14000016,SNP HOLD,Scottish National Party,Labour,Chris Law,41579,22355
207,208,Dunfermline & West Fife,Scotland,https://www.bbc.co.uk/news/politics/constituencies/S14000017,SNP HOLD,Scottish National Party,Labour,Douglas Chapman,53482,23727
208,209,Durham North,England,https://www.bbc.co.uk/news/politics/constituencies/E14000840,LAB HOLD,Labour,Conservative,Kevan Jones,42195,18639
209,210,Durham North West,England,https://www.bbc.co.uk/news/politics/constituencies/E14000856,CON GAIN FROM LAB,Conservative,Labour,Richard Holden,47663,19990
210,211,"Durham, City of",England,https://www.bbc.co.uk/news/politics/constituencies/E14000641,LAB HOLD,Labour,Conservative,Mary Foy,48859,20531
211,212,Dwyfor Meirionnydd,Wales,https://www.bbc.co.uk/news/politics/constituencies/W07000061,PC HOLD,Plaid Cymru,Conservative,Liz Saville Roberts,29928,14447
212,213,Ealing Central & Acton,England,https://www.bbc.co.uk/news/politics/constituencies/E14000674,LAB HOLD,Labour,Conservative,Rupa Huq,54807,28132
213,214,Ealing North,England,https://www.bbc.co.uk/news/politics/constituencies/E14000675,LAB HOLD,Labour,Conservative,James Murray,49631,28036
214,215,Ealing Southall,England,https://www.bbc.co.uk/news/politics/constituencies/E14000676,LAB HOLD,Labour,Conservative,Virendra Sharma,42217,25678
215,216,Easington,England,https://www.bbc.co.uk/news/politics/constituencies/E14000677,LAB HOLD,Labour,Conservative,Grahame Morris,34583,15723
216,217,East Antrim,Northern Ireland,https://www.bbc.co.uk/news/politics/constituencies/N06000005,DUP HOLD,Democratic Unionist Party,Alliance Party,Sammy Wilson,37261,16871
217,218,East Ham,England,https://www.bbc.co.uk/news/politics/constituencies/E14000679,LAB HOLD,Labour,Conservative,Stephen Timms,54628,41703
218,219,"East Kilbride, Strathaven & Lesmahagow",Scotland,https://www.bbc.co.uk/news/politics/constituencies/S14000019,SNP HOLD,Scottish National Party,Labour,Lisa Cameron,56337,26113
219,220,East Londonderry,Northern Ireland,https://www.bbc.co.uk/news/politics/constituencies/N06000006,DUP HOLD,Democratic Unionist Party,Social Democratic & Labour Party,Gregory Campbell,39302,15765
220,221,East Lothian,Scotland,https://www.bbc.co.uk/news/politics/constituencies/S14000020,SNP GAIN FROM LAB,Scottish National Party,Labour,Kenny MacAskill,58513,21156
221,222,Eastbourne,England,https://www.bbc.co.uk/news/politics/constituencies/E14000684,CON GAIN FROM LD,Conservative,Liberal Democrat,Caroline Ansell,55134,26951
222,223,Eastleigh,England,https://www.bbc.co.uk/news/politics/constituencies/E14000685,CON HOLD,Conservative,Liberal Democrat,Paul Holmes,58971,32690
223,224,Eddisbury,England,https://www.bbc.co.uk/news/politics/constituencies/E14000686,CON HOLD,Conservative,Labour,Edward Timpson,52971,30095
224,225,Edinburgh East,Scotland,https://www.bbc.co.uk/news/politics/constituencies/S14000022,SNP HOLD,Scottish National Party,Labour,Tommy Sheppard,47815,23165
225,226,Edinburgh North & Leith,Scotland,https://www.bbc.co.uk/news/politics/constituencies/S14000023,SNP HOLD,Scottish National Party,Labour,Deidre Brock,59344,25925
226,227,Edinburgh South,Scotland,https://www.bbc.co.uk/news/politics/constituencies/S14000024,LAB HOLD,Labour,Scottish National Party,Ian Murray,49732,23745
227,228,Edinburgh South West,Scotland,https://www.bbc.co.uk/news/politics/constituencies/S14000025,SNP HOLD,Scottish National Party,Conservative,Joanna Cherry,52131,24830
228,229,Edinburgh West,Scotland,https://www.bbc.co.uk/news/politics/constituencies/S14000026,LD HOLD,Liberal Democrat,Scottish National Party,Christine Jardine,54533,21766
229,230,Edmonton,England,https://www.bbc.co.uk/news/politics/constituencies/E14000687,LAB HOLD,Labour,Conservative,Kate Osamor,40341,26217
230,231,Ellesmere Port & Neston,England,https://www.bbc.co.uk/news/politics/constituencies/E14000688,LAB HOLD,Labour,Conservative,Justin Madders,48746,26001
231,232,Elmet & Rothwell,England,https://www.bbc.co.uk/news/politics/constituencies/E14000689,CON HOLD,Conservative,Labour,Alec Shelbrooke,58225,33726
232,233,Eltham,England,https://www.bbc.co.uk/news/politics/constituencies/E14000690,LAB HOLD,Labour,Conservative,Clive Efford,43689,20550
233,234,Enfield North,England,https://www.bbc.co.uk/news/politics/constituencies/E14000691,LAB HOLD,Labour,Conservative,Feryal Clark,45050,23340
234,235,Enfield Southgate,England,https://www.bbc.co.uk/news/politics/constituencies/E14000692,LAB HOLD,Labour,Conservative,Bambos Charalambous,47276,22923
235,236,Epping Forest,England,https://www.bbc.co.uk/news/politics/constituencies/E14000693,CON HOLD,Conservative,Labour,Eleanor Laing,50268,32364
236,237,Epsom & Ewell,England,https://www.bbc.co.uk/news/politics/constituencies/E14000694,CON HOLD,Conservative,Liberal Democrat,Chris Grayling,59451,31819
237,238,Erewash,England,https://www.bbc.co.uk/news/politics/constituencies/E14000695,CON HOLD,Conservative,Labour,Maggie Throup,48814,27560
238,239,Erith & Thamesmead,England,https://www.bbc.co.uk/news/politics/constituencies/E14000696,LAB HOLD,Labour,Conservative,Abena Oppong-Asare,41384,19882
239,240,Esher & Walton,England,https://www.bbc.co.uk/news/politics/constituencies/E14000697,CON HOLD,Conservative,Liberal Democrat,Dominic Raab,63084,31132
240,241,Exeter,England,https://www.bbc.co.uk/news/politics/constituencies/E14000698,LAB HOLD,Labour,Conservative,Ben Bradshaw,56192,29882
241,242,Falkirk,Scotland,https://www.bbc.co.uk/news/politics/constituencies/S14000028,SNP HOLD,Scottish National Party,Conservative,Johnny McNally,55872,29351
242,243,Fareham,England,https://www.bbc.co.uk/news/politics/constituencies/E14000699,CON HOLD,Conservative,Labour,Suella Braverman,57250,36459
243,244,Faversham & Mid Kent,England,https://www.bbc.co.uk/news/politics/constituencies/E14000700,CON HOLD,Conservative,Labour,Helen Whately,50394,31864
244,245,Feltham & Heston,England,https://www.bbc.co.uk/news/politics/constituencies/E14000701,LAB HOLD,Labour,Conservative,Seema Malhotra,47811,24876
245,246,Fermanagh & South Tyrone,Northern Ireland,https://www.bbc.co.uk/news/politics/constituencies/N06000007,SF HOLD,Sinn Féin,Ulster Unionist Party,Michelle Gildernew,50762,21986
246,247,Fife North East,Scotland,https://www.bbc.co.uk/news/politics/constituencies/S14000049,LD GAIN FROM SNP,Liberal Democrat,Scottish National Party,Wendy Chamberlain,45878,19763
247,248,Filton & Bradley Stoke,England,https://www.bbc.co.uk/news/politics/constituencies/E14000702,CON HOLD,Conservative,Labour,Jack Lopresti,53752,26293
248,249,Finchley & Golders Green,England,https://www.bbc.co.uk/news/politics/constituencies/E14000703,CON HOLD,Conservative,Liberal Democrat,Mike Freer,55109,24162
249,250,Folkestone & Hythe,England,https://www.bbc.co.uk/news/politics/constituencies/E14000704,CON HOLD,Conservative,Labour,Damian Collins,59005,35483
250,251,Forest of Dean,England,https://www.bbc.co.uk/news/politics/constituencies/E14000705,CON HOLD,Conservative,Labour,Mark Harper,51475,30680
251,252,Foyle,Northern Ireland,https://www.bbc.co.uk/news/politics/constituencies/N06000008,SDLP GAIN FROM SF,Social Democratic & Labour Party,Sinn Féin,Colum Eastwood,47144,26881
252,253,Fylde,England,https://www.bbc.co.uk/news/politics/constituencies/E14000706,CON HOLD,Conservative,Labour,Mark Menzies,46659,28432
253,254,Gainsborough,England,https://www.bbc.co.uk/news/politics/constituencies/E14000707,CON HOLD,Conservative,Labour,Edward Leigh,51046,33893
254,255,Garston & Halewood,England,https://www.bbc.co.uk/news/politics/constituencies/E14000708,LAB HOLD,Labour,Conservative,Maria Eagle,53326,38578
255,256,Gateshead,England,https://www.bbc.co.uk/news/politics/constituencies/E14000709,LAB HOLD,Labour,Conservative,Ian Mearns,38145,20450
256,257,Gedling,England,https://www.bbc.co.uk/news/politics/constituencies/E14000710,CON GAIN FROM LAB,Conservative,Labour,Tom Randall,49953,22718
257,258,Gillingham & Rainham,England,https://www.bbc.co.uk/news/politics/constituencies/E14000711,CON HOLD,Conservative,Labour,Rehman Chishti,45958,28173
258,259,Glasgow Central,Scotland,https://www.bbc.co.uk/news/politics/constituencies/S14000029,SNP HOLD,Scottish National Party,Labour,Alison Thewliss,40105,19750
259,260,Glasgow East,Scotland,https://www.bbc.co.uk/news/politics/constituencies/S14000030,SNP HOLD,Scottish National Party,Labour,David Linden,38483,18357
260,261,Glasgow North,Scotland,https://www.bbc.co.uk/news/politics/constituencies/S14000031,SNP HOLD,Scottish National Party,Labour,Patrick Grady,36191,16982
261,262,Glasgow North East,Scotland,https://www.bbc.co.uk/news/politics/constituencies/S14000032,SNP GAIN FROM LAB,Scottish National Party,Labour,Anne McLaughlin,33925,15911
262,263,Glasgow North West,Scotland,https://www.bbc.co.uk/news/politics/constituencies/S14000033,SNP HOLD,Scottish National Party,Labour,Carol Monaghan,39735,19678
263,264,Glasgow South,Scotland,https://www.bbc.co.uk/news/politics/constituencies/S14000034,SNP HOLD,Scottish National Party,Labour,Stewart McDonald,47443,22829
264,265,Glasgow South West,Scotland,https://www.bbc.co.uk/news/politics/constituencies/S14000035,SNP HOLD,Scottish National Party,Labour,Chris Stephens,36847,17643
265,266,Glenrothes,Scotland,https://www.bbc.co.uk/news/politics/constituencies/S14000036,SNP HOLD,Scottish National Party,Labour,Peter Grant,41546,21234
266,267,Gloucester,England,https://www.bbc.co.uk/news/politics/constituencies/E14000712,CON HOLD,Conservative,Labour,Richard Graham,53764,29159
267,268,Gordon,Scotland,https://www.bbc.co.uk/news/politics/constituencies/S14000037,SNP GAIN FROM CON,Scottish National Party,Conservative,Richard Thomson,55916,23885
268,269,Gosport,England,https://www.bbc.co.uk/news/politics/constituencies/E14000713,CON HOLD,Conservative,Labour,Caroline Dinenage,48453,32226
269,270,Gower,Wales,https://www.bbc.co.uk/news/politics/constituencies/W07000046,LAB HOLD,Labour,Conservative,Tonia Antoniazzi,44482,20208
270,271,Grantham & Stamford,England,https://www.bbc.co.uk/news/politics/constituencies/E14000714,CON HOLD,Conservative,Labour,Gareth Davies,56003,36794
271,272,Gravesham,England,https://www.bbc.co.uk/news/politics/constituencies/E14000715,CON HOLD,Conservative,Labour,Adam Holloway,47560,29580
272,273,Great Grimsby,England,https://www.bbc.co.uk/news/politics/constituencies/E14000716,CON GAIN FROM LAB,Conservative,Labour,Lia Nici,33087,18150
273,274,Great Yarmouth,England,https://www.bbc.co.uk/news/politics/constituencies/E14000717,CON HOLD,Conservative,Labour,Brandon Lewis,43462,28593
274,275,Greenwich & Woolwich,England,https://www.bbc.co.uk/news/politics/constituencies/E14000718,LAB HOLD,Labour,Conservative,Matthew Pennycook,53120,30185
275,276,Guildford,England,https://www.bbc.co.uk/news/politics/constituencies/E14000719,CON HOLD,Conservative,Liberal Democrat,Angela Richardson,58651,26317
276,277,Hackney North & Stoke Newington,England,https://www.bbc.co.uk/news/politics/constituencies/E14000720,LAB HOLD,Labour,Conservative,Diane Abbott,56864,39972
277,278,Hackney South & Shoreditch,England,https://www.bbc.co.uk/news/politics/constituencies/E14000721,LAB HOLD,Labour,Conservative,Meg Hillier,54439,39884
278,279,Halesowen & Rowley Regis,England,https://www.bbc.co.uk/news/politics/constituencies/E14000722,CON HOLD,Conservative,Labour,James Morris,42345,25607
279,280,Halifax,England,https://www.bbc.co.uk/news/politics/constituencies/E14000723,LAB HOLD,Labour,Conservative,Holly Lynch,46458,21496
280,281,Haltemprice & Howden,England,https://www.bbc.co.uk/news/politics/constituencies/E14000724,CON HOLD,Conservative,Labour,David Davis,49779,31045
281,282,Halton,England,https://www.bbc.co.uk/news/politics/constituencies/E14000725,LAB HOLD,Labour,Conservative,Derek Twigg,46203,29333
282,283,Hammersmith,England,https://www.bbc.co.uk/news/politics/constituencies/E14000726,LAB HOLD,Labour,Conservative,Andy Slaughter,51966,30074
283,284,Hampshire East,England,https://www.bbc.co.uk/news/politics/constituencies/E14000680,CON HOLD,Conservative,Liberal Democrat,Damian Hinds,56895,33446
284,285,Hampshire North East,England,https://www.bbc.co.uk/news/politics/constituencies/E14000844,CON HOLD,Conservative,Liberal Democrat,Ranil Jayawardena,59270,35280
285,286,Hampshire North West,England,https://www.bbc.co.uk/news/politics/constituencies/E14000857,CON HOLD,Conservative,Liberal Democrat,Kit Malthouse,58918,36591
286,287,Hampstead & Kilburn,England,https://www.bbc.co.uk/news/politics/constituencies/E14000727,LAB HOLD,Labour,Conservative,Tulip Siddiq,57385,28080
287,288,Harborough,England,https://www.bbc.co.uk/news/politics/constituencies/E14000728,CON HOLD,Conservative,Labour,Neil O'Brien,57319,31698
288,289,Harlow,England,https://www.bbc.co.uk/news/politics/constituencies/E14000729,CON HOLD,Conservative,Labour,Robert Halfon,43354,27510
289,290,Harrogate & Knaresborough,England,https://www.bbc.co.uk/news/politics/constituencies/E14000730,CON HOLD,Conservative,Liberal Democrat,Andrew Jones,56937,29962
290,291,Harrow East,England,https://www.bbc.co.uk/news/politics/constituencies/E14000731,CON HOLD,Conservative,Labour,Bob Blackman,49491,26935
291,292,Harrow West,England,https://www.bbc.co.uk/news/politics/constituencies/E14000732,LAB HOLD,Labour,Conservative,Gareth Thomas,47922,25132
292,293,Hartlepool,England,https://www.bbc.co.uk/news/politics/constituencies/E14000733,LAB HOLD,Labour,Conservative,Mike Hill,41037,15464
293,294,Harwich & Essex North,England,https://www.bbc.co.uk/news/politics/constituencies/E14000734,CON HOLD,Conservative,Labour,Bernard Jenkin,51963,31830
294,295,Hastings & Rye,England,https://www.bbc.co.uk/news/politics/constituencies/E14000735,CON HOLD,Conservative,Labour,Sally-Ann Hart,54274,26896
295,296,Havant,England,https://www.bbc.co.uk/news/politics/constituencies/E14000736,CON HOLD,Conservative,Labour,Alan Mak,45959,30051
296,297,Hayes & Harlington,England,https://www.bbc.co.uk/news/politics/constituencies/E14000737,LAB HOLD,Labour,Conservative,John McDonnell,43994,24545
297,298,Hazel Grove,England,https://www.bbc.co.uk/news/politics/constituencies/E14000738,CON HOLD,Conservative,Liberal Democrat,William Wragg,44269,21592
298,299,Hemel Hempstead,England,https://www.bbc.co.uk/news/politics/constituencies/E14000739,CON HOLD,Conservative,Labour,Mike Penning,51271,28968
299,300,Hemsworth,England,https://www.bbc.co.uk/news/politics/constituencies/E14000740,LAB HOLD,Labour,Conservative,Jon Trickett,43907,16460
300,301,Hendon,England,https://www.bbc.co.uk/news/politics/constituencies/E14000741,CON HOLD,Conservative,Labour,Matthew Offord,55075,26878
301,302,Henley,England,https://www.bbc.co.uk/news/politics/constituencies/E14000742,CON HOLD,Conservative,Liberal Democrat,John Howell,58759,32189
302,303,Hereford & Herefordshire South,England,https://www.bbc.co.uk/news/politics/constituencies/E14000743,CON HOLD,Conservative,Labour,Jesse Norman,49646,30390
303,304,Herefordshire North,England,https://www.bbc.co.uk/news/politics/constituencies/E14000847,CON HOLD,Conservative,Liberal Democrat,Bill Wiggin,51033,32158
304,305,Hertford & Stortford,England,https://www.bbc.co.uk/news/politics/constituencies/E14000744,CON HOLD,Conservative,Labour,Julie Marson,60094,33712
305,306,Hertfordshire North East,England,https://www.bbc.co.uk/news/politics/constituencies/E14000845,CON HOLD,Conservative,Labour,Oliver Heald,55327,31293
306,307,Hertfordshire South West,England,https://www.bbc.co.uk/news/politics/constituencies/E14000951,CON HOLD,Conservative,Independent,Gagan Mohindra,61191,30327
307,308,Hertsmere,England,https://www.bbc.co.uk/news/politics/constituencies/E14000745,CON HOLD,Conservative,Labour,Oliver Dowden,52203,32651
308,309,Hexham,England,https://www.bbc.co.uk/news/politics/constituencies/E14000746,CON HOLD,Conservative,Labour,Guy Opperman,46150,25152
309,310,Heywood & Middleton,England,https://www.bbc.co.uk/news/politics/constituencies/E14000747,CON GAIN FROM LAB,Conservative,Labour,Chris Clarkson,47488,20453
310,311,High Peak,England,https://www.bbc.co.uk/news/politics/constituencies/E14000748,CON GAIN FROM LAB,Conservative,Labour,Robert Largan,54173,24844
311,312,Hitchin & Harpenden,England,https://www.bbc.co.uk/news/politics/constituencies/E14000749,CON HOLD,Conservative,Liberal Democrat,Bim Afolami,58871,27719
312,313,Holborn & St Pancras,England,https://www.bbc.co.uk/news/politics/constituencies/E14000750,LAB HOLD,Labour,Conservative,Keir Starmer,56786,36641
313,314,Hornchurch & Upminster,England,https://www.bbc.co.uk/news/politics/constituencies/E14000751,CON HOLD,Conservative,Labour,Julia Lopez,53974,35495
314,315,Hornsey & Wood Green,England,https://www.bbc.co.uk/news/politics/constituencies/E14000752,LAB HOLD,Labour,Liberal Democrat,Catherine West,61105,35126
315,316,Horsham,England,https://www.bbc.co.uk/news/politics/constituencies/E14000753,CON HOLD,Conservative,Liberal Democrat,Jeremy Quin,63242,35900
316,317,Houghton & Sunderland South,England,https://www.bbc.co.uk/news/politics/constituencies/E14000754,LAB HOLD,Labour,Conservative,Bridget Phillipson,39811,16210
317,318,Hove,England,https://www.bbc.co.uk/news/politics/constituencies/E14000755,LAB HOLD,Labour,Conservative,Peter Kyle,56391,32876
318,319,Huddersfield,England,https://www.bbc.co.uk/news/politics/constituencies/E14000756,LAB HOLD,Labour,Conservative,Barry Sheerman,41882,20509
319,320,Hull East,England,https://www.bbc.co.uk/news/politics/constituencies/E14000771,LAB HOLD,Labour,Conservative,Karl Turner,32442,12713
320,321,Hull North,England,https://www.bbc.co.uk/news/politics/constituencies/E14000772,LAB HOLD,Labour,Conservative,Diana Johnson,34203,17033
321,322,Hull West & Hessle,England,https://www.bbc.co.uk/news/politics/constituencies/E14000773,LAB HOLD,Labour,Conservative,Emma Hardy,31356,13384
322,323,Huntingdon,England,https://www.bbc.co.uk/news/politics/constituencies/E14000757,CON HOLD,Conservative,Labour,Jonathan Djanogly,59147,32386
323,324,Hyndburn,England,https://www.bbc.co.uk/news/politics/constituencies/E14000758,CON GAIN FROM LAB,Conservative,Labour,Sara Britcliffe,42406,20565
324,325,Ilford North,England,https://www.bbc.co.uk/news/politics/constituencies/E14000759,LAB HOLD,Labour,Conservative,Wes Streeting,50114,25323
325,326,Ilford South,England,https://www.bbc.co.uk/news/politics/constituencies/E14000760,LAB HOLD,Labour,Conservative,Sam Tarry,53477,35085
326,327,Inverclyde,Scotland,https://www.bbc.co.uk/news/politics/constituencies/S14000038,SNP HOLD,Scottish National Party,Labour,Ronnie Cowan,39903,19295
327,328,"Inverness, Nairn, Badenoch & Strathspey",Scotland,https://www.bbc.co.uk/news/politics/constituencies/S14000039,SNP HOLD,Scottish National Party,Conservative,Drew Hendry,54810,26247
328,329,Ipswich,England,https://www.bbc.co.uk/news/politics/constituencies/E14000761,CON GAIN FROM LAB,Conservative,Labour,Tom Hunt,49579,24952
329,330,Isle of Wight,England,https://www.bbc.co.uk/news/politics/constituencies/E14000762,CON HOLD,Conservative,Labour,Bob Seely,74442,41815
330,331,Islington North,England,https://www.bbc.co.uk/news/politics/constituencies/E14000763,LAB HOLD,Labour,Liberal Democrat,Jeremy Corbyn,53805,34603
331,332,Islington South & Finsbury,England,https://www.bbc.co.uk/news/politics/constituencies/E14000764,LAB HOLD,Labour,Liberal Democrat,Emily Thornberry,47816,26897
332,333,Islwyn,Wales,https://www.bbc.co.uk/news/politics/constituencies/W07000077,LAB HOLD,Labour,Conservative,Chris Evans,34350,15356
333,334,Jarrow,England,https://www.bbc.co.uk/news/politics/constituencies/E14000765,LAB HOLD,Labour,Conservative,Kate Osborne,40736,18363
334,335,Keighley,England,https://www.bbc.co.uk/news/politics/constituencies/E14000766,CON GAIN FROM LAB,Conservative,Labour,Robbie Moore,52600,25298
335,336,Kenilworth & Southam,England,https://www.bbc.co.uk/news/politics/constituencies/E14000767,CON HOLD,Conservative,Liberal Democrat,Jeremy Wright,52597,30351
336,337,Kensington,England,https://www.bbc.co.uk/news/politics/constituencies/E14000768,CON GAIN FROM LAB,Conservative,Labour,Felicity Buchan,43762,16768
337,338,Kettering,England,https://www.bbc.co.uk/news/politics/constituencies/E14000769,CON HOLD,Conservative,Labour,Philip Hollobone,49361,29787
338,339,Kilmarnock & Loudoun,Scotland,https://www.bbc.co.uk/news/politics/constituencies/S14000040,SNP HOLD,Scottish National Party,Conservative,Alan Brown,47631,24216
339,340,Kingston & Surbiton,England,https://www.bbc.co.uk/news/politics/constituencies/E14000770,LD HOLD,Liberal Democrat,Conservative,Ed Davey,60846,31103
340,341,Kingswood,England,https://www.bbc.co.uk/news/politics/constituencies/E14000774,CON HOLD,Conservative,Labour,Chris Skidmore,49314,27712
341,342,Kirkcaldy & Cowdenbeath,Scotland,https://www.bbc.co.uk/news/politics/constituencies/S14000041,SNP GAIN FROM LAB,Scottish National Party,Labour,Neale Hanvey,47005,16568
342,343,Knowsley,England,https://www.bbc.co.uk/news/politics/constituencies/E14000775,LAB HOLD,Labour,Conservative,George Howarth,54938,44374
343,344,Lagan Valley,Northern Ireland,https://www.bbc.co.uk/news/politics/constituencies/N06000009,DUP HOLD,Democratic Unionist Party,Alliance Party,Jeffrey Donaldson,45405,19586
344,345,Lanark & Hamilton East,Scotland,https://www.bbc.co.uk/news/politics/constituencies/S14000042,SNP HOLD,Scottish National Party,Conservative,Angela Crawley,53072,22243
345,346,Lancashire West,England,https://www.bbc.co.uk/news/politics/constituencies/E14001033,LAB HOLD,Labour,Conservative,Rosie Cooper,52663,27458
346,347,Lancaster & Fleetwood,England,https://www.bbc.co.uk/news/politics/constituencies/E14000776,LAB HOLD,Labour,Conservative,Cat Smith,45219,21184
347,348,Leeds Central,England,https://www.bbc.co.uk/news/politics/constituencies/E14000777,LAB HOLD,Labour,Conservative,Hilary Benn,49284,30413
348,349,Leeds East,England,https://www.bbc.co.uk/news/politics/constituencies/E14000778,LAB HOLD,Labour,Conservative,Richard Burgon,39052,19464
349,350,Leeds North East,England,https://www.bbc.co.uk/news/politics/constituencies/E14000779,LAB HOLD,Labour,Conservative,Fabian Hamilton,50500,29024
350,351,Leeds North West,England,https://www.bbc.co.uk/news/politics/constituencies/E14000780,LAB HOLD,Labour,Conservative,Alex Sobel,49283,23971
351,352,Leeds West,England,https://www.bbc.co.uk/news/politics/constituencies/E14000781,LAB HOLD,Labour,Conservative,Rachel Reeves,40281,22186
352,353,Leicester East,England,https://www.bbc.co.uk/news/politics/constituencies/E14000782,LAB HOLD,Labour,Conservative,Claudia Webbe,49421,25090
353,354,Leicester South,England,https://www.bbc.co.uk/news/politics/constituencies/E14000783,LAB HOLD,Labour,Conservative,Jonathan Ashworth,50147,33606
354,355,Leicester West,England,https://www.bbc.co.uk/news/politics/constituencies/E14000784,LAB HOLD,Labour,Conservative,Liz Kendall,34775,17291
355,356,Leicestershire North West,England,https://www.bbc.co.uk/news/politics/constituencies/E14000858,CON HOLD,Conservative,Labour,Andrew Bridgen,53821,33811
356,357,Leicestershire South,England,https://www.bbc.co.uk/news/politics/constituencies/E14000940,CON HOLD,Conservative,Labour,Alberto Costa,57469,36791
357,358,Leigh,England,https://www.bbc.co.uk/news/politics/constituencies/E14000785,CON GAIN FROM LAB,Conservative,Labour,James Grundy,46979,21266
358,359,Lewes,England,https://www.bbc.co.uk/news/politics/constituencies/E14000786,CON HOLD,Conservative,Liberal Democrat,Maria Caulfield,54851,26268
359,360,Lewisham Deptford,England,https://www.bbc.co.uk/news/politics/constituencies/E14000789,LAB HOLD,Labour,Conservative,Vicky Foxcroft,55368,39216
360,361,Lewisham East,England,https://www.bbc.co.uk/news/politics/constituencies/E14000787,LAB WIN,Labour,Conservative,Janet Daby,44815,26661
361,362,Lewisham West & Penge,England,https://www.bbc.co.uk/news/politics/constituencies/E14000788,LAB HOLD,Labour,Conservative,Ellie Reeves,52100,31860
362,363,Leyton & Wanstead,England,https://www.bbc.co.uk/news/politics/constituencies/E14000790,LAB HOLD,Labour,Conservative,John Cryer,44547,28836
363,364,Lichfield,England,https://www.bbc.co.uk/news/politics/constituencies/E14000791,CON HOLD,Conservative,Labour,Michael Fabricant,53993,34844
364,365,Lincoln,England,https://www.bbc.co.uk/news/politics/constituencies/E14000792,CON GAIN FROM LAB,Conservative,Labour,Karl McCartney,50629,24267
365,366,Linlithgow & Falkirk East,Scotland,https://www.bbc.co.uk/news/politics/constituencies/S14000043,SNP HOLD,Scottish National Party,Conservative,Martyn Day,57775,25551
366,367,Liverpool Riverside,England,https://www.bbc.co.uk/news/politics/constituencies/E14000793,LAB HOLD,Labour,Conservative,Kim Johnson,52789,41170
367,368,Liverpool Walton,England,https://www.bbc.co.uk/news/politics/constituencies/E14000794,LAB HOLD,Labour,Conservative,Dan Carden,40786,34538
368,369,Liverpool Wavertree,England,https://www.bbc.co.uk/news/politics/constituencies/E14000795,LAB HOLD,Labour,Conservative,Paula Barker,43377,31310
369,370,Liverpool West Derby,England,https://www.bbc.co.uk/news/politics/constituencies/E14000796,LAB HOLD,Labour,Conservative,Ian Byrne,43989,34117
370,371,Livingston,Scotland,https://www.bbc.co.uk/news/politics/constituencies/S14000044,SNP HOLD,Scottish National Party,Conservative,Hannah Bardell,54592,25617
371,372,Llanelli,Wales,https://www.bbc.co.uk/news/politics/constituencies/W07000045,LAB HOLD,Labour,Conservative,Nia Griffith,38233,16125
372,373,Loughborough,England,https://www.bbc.co.uk/news/politics/constituencies/E14000797,CON HOLD,Conservative,Labour,Jane Hunt,54631,27954
373,374,Louth & Horncastle,England,https://www.bbc.co.uk/news/politics/constituencies/E14000798,CON HOLD,Conservative,Labour,Victoria Atkins,52332,38021
374,375,Ludlow,England,https://www.bbc.co.uk/news/politics/constituencies/E14000799,CON HOLD,Conservative,Liberal Democrat,Philip Dunne,50225,32185
375,376,Luton North,England,https://www.bbc.co.uk/news/politics/constituencies/E14000800,LAB HOLD,Labour,Conservative,Sarah Owen,42589,23496
376,377,Luton South,England,https://www.bbc.co.uk/news/politics/constituencies/E14000801,LAB HOLD,Labour,Conservative,Rachel Hopkins,42064,21787
377,378,Macclesfield,England,https://www.bbc.co.uk/news/politics/constituencies/E14000802,CON HOLD,Conservative,Labour,David Rutley,53867,28292
378,379,Maidenhead,England,https://www.bbc.co.uk/news/politics/constituencies/E14000803,CON HOLD,Conservative,Liberal Democrat,Theresa May,56492,32620
379,380,Maidstone & The Weald,England,https://www.bbc.co.uk/news/politics/constituencies/E14000804,CON HOLD,Conservative,Labour,Helen Grant,51680,31220
380,381,Makerfield,England,https://www.bbc.co.uk/news/politics/constituencies/E14000805,LAB HOLD,Labour,Conservative,Yvonne Fovargue,44259,19954
381,382,Maldon,England,https://www.bbc.co.uk/news/politics/constituencies/E14000806,CON HOLD,Conservative,Labour,John Whittingdale,50408,36304
382,383,Manchester Central,England,https://www.bbc.co.uk/news/politics/constituencies/E14000807,LAB HOLD,Labour,Conservative,Lucy Powell,52289,36823
383,384,Manchester Gorton,England,https://www.bbc.co.uk/news/politics/constituencies/E14000808,LAB HOLD,Labour,Conservative,Afzal Khan,44545,34583
384,385,Manchester Withington,England,https://www.bbc.co.uk/news/politics/constituencies/E14000809,LAB HOLD,Labour,Liberal Democrat,Jeff Smith,52995,35902
385,386,Mansfield,England,https://www.bbc.co.uk/news/politics/constituencies/E14000810,CON HOLD,Conservative,Labour,Ben Bradley,49273,31484
386,387,Meon Valley,England,https://www.bbc.co.uk/news/politics/constituencies/E14000811,CON HOLD,Conservative,Liberal Democrat,Flick Drummond,55569,35271
387,388,Meriden,England,https://www.bbc.co.uk/news/politics/constituencies/E14000812,CON HOLD,Conservative,Labour,Saqib Bhatti,54161,34358
388,389,Merthyr Tydfil & Rhymney,Wales,https://www.bbc.co.uk/news/politics/constituencies/W07000071,LAB HOLD,Labour,Conservative,Gerald Jones,32246,16913
389,390,Mid Ulster,Northern Ireland,https://www.bbc.co.uk/news/politics/constituencies/N06000010,SF HOLD,Sinn Féin,Democratic Unionist Party,Francie Molloy,44620,20473
390,391,Middlesbrough,England,https://www.bbc.co.uk/news/politics/constituencies/E14000819,LAB HOLD,Labour,Conservative,Andy McDonald,34097,17207
391,392,Middlesbrough South & Cleveland East,England,https://www.bbc.co.uk/news/politics/constituencies/E14000820,CON HOLD,Conservative,Labour,Simon Clarke,47817,28135
392,393,Midlothian,Scotland,https://www.bbc.co.uk/news/politics/constituencies/S14000045,SNP GAIN FROM LAB,Scottish National Party,Labour,Owen Thompson,48221,20033
393,394,Milton Keynes North,England,https://www.bbc.co.uk/news/politics/constituencies/E14000821,CON HOLD,Conservative,Labour,Ben Everitt,62543,30938
394,395,Milton Keynes South,England,https://www.bbc.co.uk/news/politics/constituencies/E14000822,CON HOLD,Conservative,Labour,Iain Stewart,64007,32011
395,396,Mitcham & Morden,England,https://www.bbc.co.uk/news/politics/constituencies/E14000823,LAB HOLD,Labour,Conservative,Siobhain McDonagh,45741,27964
396,397,Mole Valley,England,https://www.bbc.co.uk/news/politics/constituencies/E14000824,CON HOLD,Conservative,Liberal Democrat,Paul Beresford,57110,31656
397,398,Monmouth,Wales,https://www.bbc.co.uk/news/politics/constituencies/W07000054,CON HOLD,Conservative,Labour,David Davies,50217,26160
398,399,Montgomeryshire,Wales,https://www.bbc.co.uk/news/politics/constituencies/W07000063,CON HOLD,Conservative,Liberal Democrat,Craig Williams,34214,20020
399,400,Moray,Scotland,https://www.bbc.co.uk/news/politics/constituencies/S14000046,CON HOLD,Conservative,Scottish National Party,Douglas Ross,48825,22112
400,401,Morecambe & Lunesdale,England,https://www.bbc.co.uk/news/politics/constituencies/E14000825,CON HOLD,Conservative,Labour,David Morris,45310,23925
401,402,Morley & Outwood,England,https://www.bbc.co.uk/news/politics/constituencies/E14000826,CON HOLD,Conservative,Labour,Andrea Jenkyns,51930,29424
402,403,Motherwell & Wishaw,Scotland,https://www.bbc.co.uk/news/politics/constituencies/S14000047,SNP HOLD,Scottish National Party,Labour,Marion Fellows,44420,20622
403,404,Na h-Eileanan an Iar (Western Isles),Scotland,https://www.bbc.co.uk/news/politics/constituencies/S14000027,SNP HOLD,Scottish National Party,Labour,Angus MacNeil,14477,6531
404,405,Neath,Wales,https://www.bbc.co.uk/news/politics/constituencies/W07000069,LAB HOLD,Labour,Conservative,Christina Rees,36756,15920
405,406,New Forest East,England,https://www.bbc.co.uk/news/politics/constituencies/E14000827,CON HOLD,Conservative,Labour,Julian Lewis,50786,32769
406,407,New Forest West,England,https://www.bbc.co.uk/news/politics/constituencies/E14000828,CON HOLD,Conservative,Liberal Democrat,Desmond Swayne,50306,32113
407,408,Newark,England,https://www.bbc.co.uk/news/politics/constituencies/E14000829,CON HOLD,Conservative,Labour,Robert Jenrick,54762,34660
408,409,Newbury,England,https://www.bbc.co.uk/news/politics/constituencies/E14000830,CON HOLD,Conservative,Liberal Democrat,Laura Farris,59998,34431
409,410,Newcastle upon Tyne Central,England,https://www.bbc.co.uk/news/politics/constituencies/E14000831,LAB HOLD,Labour,Conservative,Chi Onwurah,37474,21568
410,411,Newcastle upon Tyne East,England,https://www.bbc.co.uk/news/politics/constituencies/E14000832,LAB HOLD,Labour,Conservative,Nick Brown,43365,26049
411,412,Newcastle upon Tyne North,England,https://www.bbc.co.uk/news/politics/constituencies/E14000833,LAB HOLD,Labour,Conservative,Catherine McKinnell,46999,21354
412,413,Newcastle-under-Lyme,England,https://www.bbc.co.uk/news/politics/constituencies/E14000834,CON GAIN FROM LAB,Conservative,Labour,Aaron Bell,44739,23485
413,414,Newport East,Wales,https://www.bbc.co.uk/news/politics/constituencies/W07000055,LAB HOLD,Labour,Conservative,Jessica Morden,36282,16125
414,415,Newport West,Wales,https://www.bbc.co.uk/news/politics/constituencies/W07000056,LAB WIN,Labour,Conservative,Ruth Jones,43433,18977
415,416,Newry & Armagh,Northern Ireland,https://www.bbc.co.uk/news/politics/constituencies/N06000011,SF HOLD,Sinn Féin,Democratic Unionist Party,Mickey Brady,50779,20287
416,417,Newton Abbot,England,https://www.bbc.co.uk/news/politics/constituencies/E14000835,CON HOLD,Conservative,Liberal Democrat,Anne Marie Morris,52556,29190
417,418,Norfolk Mid,England,https://www.bbc.co.uk/news/politics/constituencies/E14000816,CON HOLD,Conservative,Labour,George Freeman,56186,35051
418,419,Norfolk North,England,https://www.bbc.co.uk/news/politics/constituencies/E14000848,CON GAIN FROM LD,Conservative,Liberal Democrat,Duncan Baker,50823,29792
419,420,Norfolk North West,England,https://www.bbc.co.uk/news/politics/constituencies/E14000859,CON HOLD,Conservative,Labour,James Wild,46602,30627
420,421,Norfolk South,England,https://www.bbc.co.uk/news/politics/constituencies/E14000941,CON HOLD,Conservative,Labour,Richard Bacon,62484,36258
421,422,Norfolk South West,England,https://www.bbc.co.uk/news/politics/constituencies/E14000952,CON HOLD,Conservative,Labour,Liz Truss,51466,35507
422,423,"Normanton, Pontefract & Castleford",England,https://www.bbc.co.uk/news/politics/constituencies/E14000836,LAB HOLD,Labour,Conservative,Yvette Cooper,48259,18297
423,424,North Antrim,Northern Ireland,https://www.bbc.co.uk/news/politics/constituencies/N06000012,DUP HOLD,Democratic Unionist Party,Ulster Unionist Party,Ian Paisley,44051,20860
424,425,North Down,Northern Ireland,https://www.bbc.co.uk/news/politics/constituencies/N06000013,APNI GAIN FROM IND,Alliance Party,Democratic Unionist Party,Stephen Farry,40643,18358
425,426,Northampton North,England,https://www.bbc.co.uk/news/politics/constituencies/E14000861,CON HOLD,Conservative,Labour,Michael Ellis,39539,21031
426,427,Northampton South,England,https://www.bbc.co.uk/news/politics/constituencies/E14000862,CON HOLD,Conservative,Labour,Andrew Lewer,40835,20914
427,428,Northamptonshire South,England,https://www.bbc.co.uk/news/politics/constituencies/E14000942,CON HOLD,Conservative,Labour,Andrea Leadsom,66908,41755
428,429,Norwich North,England,https://www.bbc.co.uk/news/politics/constituencies/E14000863,CON HOLD,Conservative,Labour,Chloe Smith,46285,23397
429,430,Norwich South,England,https://www.bbc.co.uk/news/politics/constituencies/E14000864,LAB HOLD,Labour,Conservative,Clive Lewis,51673,27766
430,431,Nottingham East,England,https://www.bbc.co.uk/news/politics/constituencies/E14000865,LAB HOLD,Labour,Conservative,Nadia Whittome,40004,25735
431,432,Nottingham North,England,https://www.bbc.co.uk/news/politics/constituencies/E14000866,LAB HOLD,Labour,Conservative,Alex Norris,35320,17337
432,433,Nottingham South,England,https://www.bbc.co.uk/news/politics/constituencies/E14000867,LAB HOLD,Labour,Conservative,Lilian Greenwood,48134,26586
433,434,Nuneaton,England,https://www.bbc.co.uk/news/politics/constituencies/E14000868,CON HOLD,Conservative,Labour,Marcus Jones,45190,27390
434,435,Ochil & South Perthshire,Scotland,https://www.bbc.co.uk/news/politics/constituencies/S14000050,SNP GAIN FROM CON,Scottish National Party,Conservative,John Nicolson,57813,26882
435,436,Ogmore,Wales,https://www.bbc.co.uk/news/politics/constituencies/W07000074,LAB HOLD,Labour,Conservative,Chris Elmore,35390,17602
436,437,Old Bexley & Sidcup,England,https://www.bbc.co.uk/news/politics/constituencies/E14000869,CON HOLD,Conservative,Labour,James Brokenshire,46145,29786
437,438,Oldham East & Saddleworth,England,https://www.bbc.co.uk/news/politics/constituencies/E14000870,LAB HOLD,Labour,Conservative,Debbie Abrahams,46164,20088
438,439,Oldham West & Royton,England,https://www.bbc.co.uk/news/politics/constituencies/E14000871,LAB HOLD,Labour,Conservative,Jim McMahon,44434,24579
439,440,Orkney & Shetland,Scotland,https://www.bbc.co.uk/news/politics/constituencies/S14000051,LD HOLD,Liberal Democrat,Scottish National Party,Alistair Carmichael,23160,10381
440,441,Orpington,England,https://www.bbc.co.uk/news/politics/constituencies/E14000872,CON HOLD,Conservative,Labour,Gareth Bacon,48721,30882
441,442,Oxford East,England,https://www.bbc.co.uk/news/politics/constituencies/E14000873,LAB HOLD,Labour,Conservative,Anneliese Dodds,49359,28135
442,443,Oxford West & Abingdon,England,https://www.bbc.co.uk/news/politics/constituencies/E14000874,LD HOLD,Liberal Democrat,Conservative,Layla Moran,58824,31340
443,444,Paisley & Renfrewshire North,Scotland,https://www.bbc.co.uk/news/politics/constituencies/S14000052,SNP HOLD,Scottish National Party,Labour,Gavin Newlands,49682,23353
444,445,Paisley & Renfrewshire South,Scotland,https://www.bbc.co.uk/news/politics/constituencies/S14000053,SNP HOLD,Scottish National Party,Labour,Mhairi Black,43084,21637
445,446,Pendle,England,https://www.bbc.co.uk/news/politics/constituencies/E14000875,CON HOLD,Conservative,Labour,Andrew Stephenson,44460,24076
446,447,Penistone & Stocksbridge,England,https://www.bbc.co.uk/news/politics/constituencies/E14000876,CON GAIN FROM LAB,Conservative,Labour,Miriam Cates,49520,23688
447,448,Penrith & The Border,England,https://www.bbc.co.uk/news/politics/constituencies/E14000877,CON HOLD,Conservative,Labour,Neil Hudson,47824,28875
448,449,Perth & North Perthshire,Scotland,https://www.bbc.co.uk/news/politics/constituencies/S14000054,SNP HOLD,Scottish National Party,Conservative,Pete Wishart,54076,27362
449,450,Peterborough,England,https://www.bbc.co.uk/news/politics/constituencies/E14000878,CON WIN,Conservative,Labour,Paul Bristow,47801,22334
450,451,Plymouth Moor View,England,https://www.bbc.co.uk/news/politics/constituencies/E14000879,CON HOLD,Conservative,Labour,Johnny Mercer,44239,26831
451,452,Plymouth Sutton & Devonport,England,https://www.bbc.co.uk/news/politics/constituencies/E14000880,LAB HOLD,Labour,Conservative,Luke Pollard,53176,25461
452,453,Pontypridd,Wales,https://www.bbc.co.uk/news/politics/constituencies/W07000075,LAB HOLD,Labour,Conservative,Alex Davies-Jones,39060,17381
453,454,Poole,England,https://www.bbc.co.uk/news/politics/constituencies/E14000881,CON HOLD,Conservative,Labour,Robert Syms,50451,29599
454,455,Poplar & Limehouse,England,https://www.bbc.co.uk/news/politics/constituencies/E14000882,LAB HOLD,Labour,Conservative,Apsana Begum,61276,38660
455,456,Portsmouth North,England,https://www.bbc.co.uk/news/politics/constituencies/E14000883,CON HOLD,Conservative,Labour,Penny Mordaunt,45910,28172
456,457,Portsmouth South,England,https://www.bbc.co.uk/news/politics/constituencies/E14000884,LAB HOLD,Labour,Conservative,Stephen Morgan,47425,23068
457,458,Preseli Pembrokeshire,Wales,https://www.bbc.co.uk/news/politics/constituencies/W07000065,CON HOLD,Conservative,Labour,Stephen Crabb,42419,21381
458,459,Preston,England,https://www.bbc.co.uk/news/politics/constituencies/E14000885,LAB HOLD,Labour,Conservative,Mark Hendrick,33790,20870
459,460,Pudsey,England,https://www.bbc.co.uk/news/politics/constituencies/E14000886,CON HOLD,Conservative,Labour,Stuart Andrew,54215,26453
460,461,Putney,England,https://www.bbc.co.uk/news/politics/constituencies/E14000887,LAB GAIN FROM CON,Labour,Conservative,Fleur Anderson,50467,22780
461,462,Rayleigh & Wickford,England,https://www.bbc.co.uk/news/politics/constituencies/E14000888,CON HOLD,Conservative,Labour,Mark Francois,54901,39864
462,463,Reading East,England,https://www.bbc.co.uk/news/politics/constituencies/E14000889,LAB HOLD,Labour,Conservative,Matt Rodda,55918,27102
463,464,Reading West,England,https://www.bbc.co.uk/news/politics/constituencies/E14000890,CON HOLD,Conservative,Labour,Alok Sharma,50392,24393
464,465,Redcar,England,https://www.bbc.co.uk/news/politics/constituencies/E14000891,CON GAIN FROM LAB,Conservative,Labour,Jacob Young,40842,18811
465,466,Redditch,England,https://www.bbc.co.uk/news/politics/constituencies/E14000892,CON HOLD,Conservative,Labour,Rachel Maclean,44067,27907
466,467,Reigate,England,https://www.bbc.co.uk/news/politics/constituencies/E14000893,CON HOLD,Conservative,Labour,Crispin Blunt,53156,28665
467,468,Renfrewshire East,Scotland,https://www.bbc.co.uk/news/politics/constituencies/S14000021,SNP GAIN FROM CON,Scottish National Party,Conservative,Kirsten Oswald,55357,24877
468,469,Rhondda,Wales,https://www.bbc.co.uk/news/politics/constituencies/W07000052,LAB HOLD,Labour,Conservative,Chris Bryant,29642,16115
469,470,Ribble Valley,England,https://www.bbc.co.uk/news/politics/constituencies/E14000894,CON HOLD,Conservative,Labour,Nigel Evans,55284,33346
470,471,Richmond (Yorks),England,https://www.bbc.co.uk/news/politics/constituencies/E14000895,CON HOLD,Conservative,Labour,Rishi Sunak,57703,36693
471,472,Richmond Park,England,https://www.bbc.co.uk/news/politics/constituencies/E14000896,LD GAIN FROM CON,Liberal Democrat,Conservative,Sarah Olney,65067,34559
472,473,Rochdale,England,https://www.bbc.co.uk/news/politics/constituencies/E14000897,LAB HOLD,Labour,Conservative,Tony Lloyd,47447,24475
473,474,Rochester & Strood,England,https://www.bbc.co.uk/news/politics/constituencies/E14000898,CON HOLD,Conservative,Labour,Kelly Tolhurst,51926,31151
474,475,Rochford & Southend East,England,https://www.bbc.co.uk/news/politics/constituencies/E14000899,CON HOLD,Conservative,Labour,James Duddridge,46136,27063
475,476,Romford,England,https://www.bbc.co.uk/news/politics/constituencies/E14000900,CON HOLD,Conservative,Labour,Andrew Rosindell,47231,30494
476,477,Romsey & Southampton North,England,https://www.bbc.co.uk/news/politics/constituencies/E14000901,CON HOLD,Conservative,Liberal Democrat,Caroline Nokes,51390,27862
477,478,"Ross, Skye & Lochaber",Scotland,https://www.bbc.co.uk/news/politics/constituencies/S14000055,SNP HOLD,Scottish National Party,Liberal Democrat,Ian Blackford,39869,19263
478,479,Rossendale & Darwen,England,https://www.bbc.co.uk/news/politics/constituencies/E14000902,CON HOLD,Conservative,Labour,Jake Berry,48822,27570
479,480,Rother Valley,England,https://www.bbc.co.uk/news/politics/constituencies/E14000903,CON GAIN FROM LAB,Conservative,Labour,Alexander Stafford,48698,21970
480,481,Rotherham,England,https://www.bbc.co.uk/news/politics/constituencies/E14000904,LAB HOLD,Labour,Conservative,Sarah Champion,35651,14736
481,482,Rugby,England,https://www.bbc.co.uk/news/politics/constituencies/E14000905,CON HOLD,Conservative,Labour,Mark Pawsey,50814,29255
482,483,"Ruislip, Northwood & Pinner",England,https://www.bbc.co.uk/news/politics/constituencies/E14000906,CON HOLD,Conservative,Labour,David Simmonds,52904,29391
483,484,Runnymede & Weybridge,England,https://www.bbc.co.uk/news/politics/constituencies/E14000907,CON HOLD,Conservative,Labour,Ben Spencer,53289,29262
484,485,Rushcliffe,England,https://www.bbc.co.uk/news/politics/constituencies/E14000908,CON HOLD,Conservative,Labour,Ruth Edwards,60505,28765
485,486,Rutherglen & Hamilton West,Scotland,https://www.bbc.co.uk/news/politics/constituencies/S14000056,SNP GAIN FROM LAB,Scottish National Party,Labour,Margaret Ferrier,53794,23775
486,487,Rutland & Melton,England,https://www.bbc.co.uk/news/politics/constituencies/E14000909,CON HOLD,Conservative,Labour,Alicia Kearns,58310,36507
487,488,Saffron Walden,England,https://www.bbc.co.uk/news/politics/constituencies/E14000910,CON HOLD,Conservative,Liberal Democrat,Kemi Badenoch,63086,39714
488,489,Salford & Eccles,England,https://www.bbc.co.uk/news/politics/constituencies/E14000911,LAB HOLD,Labour,Conservative,Rebecca Long-Bailey,50632,28755
489,490,Salisbury,England,https://www.bbc.co.uk/news/politics/constituencies/E14000912,CON HOLD,Conservative,Liberal Democrat,John Glen,53730,30280
490,491,Scarborough & Whitby,England,https://www.bbc.co.uk/news/politics/constituencies/E14000913,CON HOLD,Conservative,Labour,Robert Goodwill,49724,27593
491,492,Scunthorpe,England,https://www.bbc.co.uk/news/politics/constituencies/E14000914,CON GAIN FROM LAB,Conservative,Labour,Holly Mumby-Croft,37750,20306
492,493,Sedgefield,England,https://www.bbc.co.uk/news/politics/constituencies/E14000915,CON GAIN FROM LAB,Conservative,Labour,Paul Howell,41566,19609
493,494,Sefton Central,England,https://www.bbc.co.uk/news/politics/constituencies/E14000916,LAB HOLD,Labour,Conservative,Bill Esterson,50880,29254
494,495,Selby & Ainsty,England,https://www.bbc.co.uk/news/politics/constituencies/E14000917,CON HOLD,Conservative,Labour,Nigel Adams,56418,33995
495,496,Sevenoaks,England,https://www.bbc.co.uk/news/politics/constituencies/E14000918,CON HOLD,Conservative,Liberal Democrat,Laura Trott,50956,30932
496,497,Sheffield Brightside & Hillsborough,England,https://www.bbc.co.uk/news/politics/constituencies/E14000921,LAB HOLD,Labour,Conservative,Gill Furniss,39600,22369
497,498,Sheffield Central,England,https://www.bbc.co.uk/news/politics/constituencies/E14000919,LAB HOLD,Labour,Conservative,Paul Blomfield,50913,33968
498,499,Sheffield Hallam,England,https://www.bbc.co.uk/news/politics/constituencies/E14000922,LAB HOLD,Labour,Liberal Democrat,Olivia Blake,56885,19709
499,500,Sheffield Heeley,England,https://www.bbc.co.uk/news/politics/constituencies/E14000923,LAB HOLD,Labour,Conservative,Louise Haigh,42695,21475
500,501,Sheffield South East,England,https://www.bbc.co.uk/news/politics/constituencies/E14000920,LAB HOLD,Labour,Conservative,Clive Betts,41998,19359
501,502,Sherwood,England,https://www.bbc.co.uk/news/politics/constituencies/E14000924,CON HOLD,Conservative,Labour,Mark Spencer,52709,32049
502,503,Shipley,England,https://www.bbc.co.uk/news/politics/constituencies/E14000925,CON HOLD,Conservative,Labour,Philip Davies,54004,27437
503,504,Shrewsbury & Atcham,England,https://www.bbc.co.uk/news/politics/constituencies/E14000926,CON HOLD,Conservative,Labour,Daniel Kawczynski,59065,31021
504,505,Shropshire North,England,https://www.bbc.co.uk/news/politics/constituencies/E14000849,CON HOLD,Conservative,Labour,Owen Paterson,56513,35444
505,506,Sittingbourne & Sheppey,England,https://www.bbc.co.uk/news/politics/constituencies/E14000927,CON HOLD,Conservative,Labour,Gordon Henderson,51394,34742
506,507,Skipton & Ripon,England,https://www.bbc.co.uk/news/politics/constituencies/E14000928,CON HOLD,Conservative,Labour,Julian Smith,58724,34919
507,508,Sleaford & North Hykeham,England,https://www.bbc.co.uk/news/politics/constituencies/E14000929,CON HOLD,Conservative,Labour,Caroline Johnson,66554,44683
508,509,Slough,England,https://www.bbc.co.uk/news/politics/constituencies/E14000930,LAB HOLD,Labour,Conservative,Tan Dhesi,51038,29421
509,510,Solihull,England,https://www.bbc.co.uk/news/politics/constituencies/E14000931,CON HOLD,Conservative,Labour,Julian Knight,55344,32309
510,511,Somerset North,England,https://www.bbc.co.uk/news/politics/constituencies/E14000850,CON HOLD,Conservative,Labour,Liam Fox,62055,32801
511,512,Somerset North East,England,https://www.bbc.co.uk/news/politics/constituencies/E14000846,CON HOLD,Conservative,Labour,Jacob Rees-Mogg,56308,28360
512,513,Somerton & Frome,England,https://www.bbc.co.uk/news/politics/constituencies/E14000932,CON HOLD,Conservative,Liberal Democrat,David Warburton,64896,36230
513,514,South Antrim,Northern Ireland,https://www.bbc.co.uk/news/politics/constituencies/N06000014,DUP HOLD,Democratic Unionist Party,Ulster Unionist Party,Paul Girvan,42974,15149
514,515,South Down,Northern Ireland,https://www.bbc.co.uk/news/politics/constituencies/N06000015,SF HOLD,Sinn Féin,Social Democratic & Labour Party,Chris Hazzard,49762,16137
515,516,South Holland & The Deepings,England,https://www.bbc.co.uk/news/politics/constituencies/E14000939,CON HOLD,Conservative,Labour,John Hayes,49179,37338
516,517,South Ribble,England,https://www.bbc.co.uk/news/politics/constituencies/E14000943,CON HOLD,Conservative,Labour,Katherine Fletcher,53784,30028
517,518,South Shields,England,https://www.bbc.co.uk/news/politics/constituencies/E14000944,LAB HOLD,Labour,Conservative,Emma Lewell-Buck,37882,17273
518,519,Southampton Itchen,England,https://www.bbc.co.uk/news/politics/constituencies/E14000955,CON HOLD,Conservative,Labour,Royston Smith,47421,23952
519,520,Southampton Test,England,https://www.bbc.co.uk/news/politics/constituencies/E14000956,LAB HOLD,Labour,Conservative,Alan Whitehead,44994,22256
520,521,Southend West,England,https://www.bbc.co.uk/news/politics/constituencies/E14000957,CON HOLD,Conservative,Labour,David Amess,46537,27555
521,522,Southport,England,https://www.bbc.co.uk/news/politics/constituencies/E14000958,CON HOLD,Conservative,Labour,Damien Moore,48180,22914
522,523,Spelthorne,England,https://www.bbc.co.uk/news/politics/constituencies/E14000959,CON HOLD,Conservative,Labour,Kwasi Kwarteng,49510,29141
523,524,St Albans,England,https://www.bbc.co.uk/news/politics/constituencies/E14000960,LD GAIN FROM CON,Liberal Democrat,Conservative,Daisy Cooper,57599,28867
524,525,St Austell & Newquay,England,https://www.bbc.co.uk/news/politics/constituencies/E14000961,CON HOLD,Conservative,Labour,Steve Double,55776,31273
525,526,St Helens North,England,https://www.bbc.co.uk/news/politics/constituencies/E14000962,LAB HOLD,Labour,Conservative,Conor McGinn,47561,24870
526,527,St Helens South & Whiston,England,https://www.bbc.co.uk/news/politics/constituencies/E14000963,LAB HOLD,Labour,Conservative,Marie Rimmer,50313,29457
527,528,St Ives,England,https://www.bbc.co.uk/news/politics/constituencies/E14000964,CON HOLD,Conservative,Liberal Democrat,Derek Thomas,51413,25365
528,529,Stafford,England,https://www.bbc.co.uk/news/politics/constituencies/E14000965,CON HOLD,Conservative,Labour,Theo Clarke,51149,29992
529,530,Staffordshire Moorlands,England,https://www.bbc.co.uk/news/politics/constituencies/E14000966,CON HOLD,Conservative,Labour,Karen Bradley,43656,28192
530,531,Staffordshire South,England,https://www.bbc.co.uk/news/politics/constituencies/E14000945,CON HOLD,Conservative,Labour,Gavin Williamson,50005,36520
531,532,Stalybridge & Hyde,England,https://www.bbc.co.uk/news/politics/constituencies/E14000967,LAB HOLD,Labour,Conservative,Jonathan Reynolds,42368,19025
532,533,Stevenage,England,https://www.bbc.co.uk/news/politics/constituencies/E14000968,CON HOLD,Conservative,Labour,Stephen McPartland,47683,25328
533,534,Stirling,Scotland,https://www.bbc.co.uk/news/politics/constituencies/S14000057,SNP GAIN FROM CON,Scottish National Party,Conservative,Alyn Smith,52620,26895
534,535,Stockport,England,https://www.bbc.co.uk/news/politics/constituencies/E14000969,LAB HOLD,Labour,Conservative,Navendu Mishra,41715,21695
535,536,Stockton North,England,https://www.bbc.co.uk/news/politics/constituencies/E14000970,LAB HOLD,Labour,Conservative,Alex Cunningham,41156,17728
536,537,Stockton South,England,https://www.bbc.co.uk/news/politics/constituencies/E14000971,CON GAIN FROM LAB,Conservative,Labour,Matt Vickers,54802,27764
537,538,Stoke-on-Trent Central,England,https://www.bbc.co.uk/news/politics/constituencies/E14000972,CON GAIN FROM LAB,Conservative,Labour,Jo Gideon,32070,14557
538,539,Stoke-on-Trent North,England,https://www.bbc.co.uk/news/politics/constituencies/E14000973,CON GAIN FROM LAB,Conservative,Labour,Jonathan Gullis,40134,20974
539,540,Stoke-on-Trent South,England,https://www.bbc.co.uk/news/politics/constituencies/E14000974,CON HOLD,Conservative,Labour,Jack Brereton,39604,24632
540,541,Stone,England,https://www.bbc.co.uk/news/politics/constituencies/E14000975,CON HOLD,Conservative,Labour,Bill Cash,49843,31687
541,542,Stourbridge,England,https://www.bbc.co.uk/news/politics/constituencies/E14000976,CON HOLD,Conservative,Labour,Suzanne Webb,45689,27534
542,543,Strangford,Northern Ireland,https://www.bbc.co.uk/news/politics/constituencies/N06000016,DUP HOLD,Democratic Unionist Party,Alliance Party,Jim Shannon,37485,17705
543,544,Stratford-on-Avon,England,https://www.bbc.co.uk/news/politics/constituencies/E14000977,CON HOLD,Conservative,Liberal Democrat,Nadhim Zahawi,55048,33343
544,545,Streatham,England,https://www.bbc.co.uk/news/politics/constituencies/E14000978,LAB HOLD,Labour,Liberal Democrat,Bell Ribeiro-Addy,56513,30976
545,546,Stretford & Urmston,England,https://www.bbc.co.uk/news/politics/constituencies/E14000979,LAB HOLD,Labour,Conservative,Kate Green,50067,30195
546,547,Stroud,England,https://www.bbc.co.uk/news/politics/constituencies/E14000980,CON GAIN FROM LAB,Conservative,Labour,Siobhan Baillie,65930,31582
547,548,Suffolk Central & Ipswich North,England,https://www.bbc.co.uk/news/politics/constituencies/E14000624,CON HOLD,Conservative,Labour,Dan Poulter,56250,35253
548,549,Suffolk Coastal,England,https://www.bbc.co.uk/news/politics/constituencies/E14000981,CON HOLD,Conservative,Labour,Therese Coffey,58308,32958
549,550,Suffolk South,England,https://www.bbc.co.uk/news/politics/constituencies/E14000946,CON HOLD,Conservative,Labour,James Cartlidge,53489,33270
550,551,Suffolk West,England,https://www.bbc.co.uk/news/politics/constituencies/E14001034,CON HOLD,Conservative,Labour,Matt Hancock,51437,33842
551,552,Sunderland Central,England,https://www.bbc.co.uk/news/politics/constituencies/E14000982,LAB HOLD,Labour,Conservative,Julie Elliott,43476,18336
552,553,Surrey East,England,https://www.bbc.co.uk/news/politics/constituencies/E14000681,CON HOLD,Conservative,Liberal Democrat,Claire Coutinho,59690,35624
553,554,Surrey Heath,England,https://www.bbc.co.uk/news/politics/constituencies/E14000983,CON HOLD,Conservative,Liberal Democrat,Michael Gove,58654,34358
554,555,Surrey South West,England,https://www.bbc.co.uk/news/politics/constituencies/E14000953,CON HOLD,Conservative,Liberal Democrat,Jeremy Hunt,60340,32191
555,556,Sussex Mid,England,https://www.bbc.co.uk/news/politics/constituencies/E14000817,CON HOLD,Conservative,Liberal Democrat,Mims Davies,62762,33455
556,557,Sutton & Cheam,England,https://www.bbc.co.uk/news/politics/constituencies/E14000984,CON HOLD,Conservative,Liberal Democrat,Paul Scully,50487,25235
557,558,Sutton Coldfield,England,https://www.bbc.co.uk/news/politics/constituencies/E14000985,CON HOLD,Conservative,Labour,Andrew Mitchell,52325,31604
558,559,Swansea East,Wales,https://www.bbc.co.uk/news/politics/constituencies/W07000048,LAB HOLD,Labour,Conservative,Carolyn Harris,33579,17405
559,560,Swansea West,Wales,https://www.bbc.co.uk/news/politics/constituencies/W07000047,LAB HOLD,Labour,Conservative,Geraint Davies,35830,18493
560,561,Swindon North,England,https://www.bbc.co.uk/news/politics/constituencies/E14000851,CON HOLD,Conservative,Labour,Justin Tomlinson,55115,32584
561,562,Swindon South,England,https://www.bbc.co.uk/news/politics/constituencies/E14000947,CON HOLD,Conservative,Labour,Robert Buckland,50746,26536
562,563,Tamworth,England,https://www.bbc.co.uk/news/politics/constituencies/E14000986,CON HOLD,Conservative,Labour,Christopher Pincher,46056,30542
563,564,Tatton,England,https://www.bbc.co.uk/news/politics/constituencies/E14000987,CON HOLD,Conservative,Labour,Esther McVey,48967,28277
564,565,Taunton Deane,England,https://www.bbc.co.uk/news/politics/constituencies/E14000988,CON HOLD,Conservative,Liberal Democrat,Rebecca Pow,63733,34164
565,566,Telford,England,https://www.bbc.co.uk/news/politics/constituencies/E14000989,CON HOLD,Conservative,Labour,Lucy Allan,42825,25546
566,567,Tewkesbury,England,https://www.bbc.co.uk/news/politics/constituencies/E14000990,CON HOLD,Conservative,Liberal Democrat,Laurence Robertson,61140,35728
567,568,Thanet North,England,https://www.bbc.co.uk/news/politics/constituencies/E14000852,CON HOLD,Conservative,Labour,Roger Gale,48178,30066
568,569,Thanet South,England,https://www.bbc.co.uk/news/politics/constituencies/E14000948,CON HOLD,Conservative,Labour,Craig Mackinlay,48257,27084
569,570,Thirsk & Malton,England,https://www.bbc.co.uk/news/politics/constituencies/E14000993,CON HOLD,Conservative,Labour,Kevin Hollinrake,56588,35634
570,571,Thornbury & Yate,England,https://www.bbc.co.uk/news/politics/constituencies/E14000994,CON HOLD,Conservative,Liberal Democrat,Luke Hall,52243,30202
571,572,Thurrock,England,https://www.bbc.co.uk/news/politics/constituencies/E14000995,CON HOLD,Conservative,Labour,Jackie Doyle-Price,47467,27795
572,573,Tiverton & Honiton,England,https://www.bbc.co.uk/news/politics/constituencies/E14000996,CON HOLD,Conservative,Labour,Neil Parish,59613,35893
573,574,Tonbridge & Malling,England,https://www.bbc.co.uk/news/politics/constituencies/E14000997,CON HOLD,Conservative,Liberal Democrat,Tom Tugendhat,57003,35784
574,575,Tooting,England,https://www.bbc.co.uk/news/politics/constituencies/E14000998,LAB HOLD,Labour,Conservative,Rosena Allin-Khan,58473,30811
575,576,Torbay,England,https://www.bbc.co.uk/news/politics/constituencies/E14000999,CON HOLD,Conservative,Liberal Democrat,Kevin Foster,50426,29863
576,577,Torfaen,Wales,https://www.bbc.co.uk/news/politics/constituencies/W07000053,LAB HOLD,Labour,Conservative,Nick Thomas-Symonds,37176,15546
577,578,Totnes,England,https://www.bbc.co.uk/news/politics/constituencies/E14001001,CON HOLD,Conservative,Liberal Democrat,Anthony Mangnall,52182,27751
578,579,Tottenham,England,https://www.bbc.co.uk/news/politics/constituencies/E14001002,LAB HOLD,Labour,Conservative,David Lammy,46856,35621
579,580,Truro & Falmouth,England,https://www.bbc.co.uk/news/politics/constituencies/E14001003,CON HOLD,Conservative,Labour,Cherilyn Mackrory,59190,27237
580,581,Tunbridge Wells,England,https://www.bbc.co.uk/news/politics/constituencies/E14001004,CON HOLD,Conservative,Liberal Democrat,Greg Clark,54650,30119
581,582,Twickenham,England,https://www.bbc.co.uk/news/politics/constituencies/E14001005,LD HOLD,Liberal Democrat,Conservative,Munira Wilson,64503,36166
582,583,Tynemouth,England,https://www.bbc.co.uk/news/politics/constituencies/E14001006,LAB HOLD,Labour,Conservative,Alan Campbell,56034,26928
583,584,Tyneside North,England,https://www.bbc.co.uk/news/politics/constituencies/E14000853,LAB HOLD,Labour,Conservative,Mary Glindon,50429,25051
584,585,Upper Bann,Northern Ireland,https://www.bbc.co.uk/news/politics/constituencies/N06000017,DUP HOLD,Democratic Unionist Party,Sinn Féin,Carla Lockhart,50045,20501
585,586,Uxbridge & Ruislip South,England,https://www.bbc.co.uk/news/politics/constituencies/E14001007,CON HOLD,Conservative,Labour,Boris Johnson,48187,25351
586,587,Vale of Clwyd,Wales,https://www.bbc.co.uk/news/politics/constituencies/W07000060,CON GAIN FROM LAB,Conservative,Labour,James Davies,37213,17270
587,588,Vale of Glamorgan,Wales,https://www.bbc.co.uk/news/politics/constituencies/W07000078,CON HOLD,Conservative,Labour,Alun Cairns,54807,27305
588,589,Vauxhall,England,https://www.bbc.co.uk/news/politics/constituencies/E14001008,LAB HOLD,Labour,Liberal Democrat,Florence Eshalomi,56333,31615
589,590,Wakefield,England,https://www.bbc.co.uk/news/politics/constituencies/E14001009,CON GAIN FROM LAB,Conservative,Labour,Imran Ahmad-Khan,45027,21283
590,591,Wallasey,England,https://www.bbc.co.uk/news/politics/constituencies/E14001010,LAB HOLD,Labour,Conservative,Angela Eagle,46492,29901
591,592,Walsall North,England,https://www.bbc.co.uk/news/politics/constituencies/E14001011,CON HOLD,Conservative,Labour,Eddie Hughes,36556,23334
592,593,Walsall South,England,https://www.bbc.co.uk/news/politics/constituencies/E14001012,LAB HOLD,Labour,Conservative,Valerie Vaz,42472,20872
593,594,Walthamstow,England,https://www.bbc.co.uk/news/politics/constituencies/E14001013,LAB HOLD,Labour,Conservative,Stella Creasy,48335,36784
594,595,Wansbeck,England,https://www.bbc.co.uk/news/politics/constituencies/E14001014,LAB HOLD,Labour,Conservative,Ian Lavery,40509,17124
595,596,Wantage,England,https://www.bbc.co.uk/news/politics/constituencies/E14001015,CON HOLD,Conservative,Liberal Democrat,David Johnston,67173,34085
596,597,Warley,England,https://www.bbc.co.uk/news/politics/constituencies/E14001016,LAB HOLD,Labour,Conservative,John Spellar,37239,21901
597,598,Warrington North,England,https://www.bbc.co.uk/news/politics/constituencies/E14001017,LAB HOLD,Labour,Conservative,Charlotte Nichols,46667,20611
598,599,Warrington South,England,https://www.bbc.co.uk/news/politics/constituencies/E14001018,CON GAIN FROM LAB,Conservative,Labour,Andy Carter,61899,28187
599,600,Warwick & Leamington,England,https://www.bbc.co.uk/news/politics/constituencies/E14001019,LAB HOLD,Labour,Conservative,Matt Western,54205,23718
600,601,Warwickshire North,England,https://www.bbc.co.uk/news/politics/constituencies/E14000854,CON HOLD,Conservative,Labour,Craig Tracey,45914,30249
601,602,Washington & Sunderland West,England,https://www.bbc.co.uk/news/politics/constituencies/E14001020,LAB HOLD,Labour,Conservative,Sharon Hodgson,37513,15941
602,603,Watford,England,https://www.bbc.co.uk/news/politics/constituencies/E14001021,CON HOLD,Conservative,Labour,Dean Russell,58065,26421
603,604,Waveney,England,https://www.bbc.co.uk/news/politics/constituencies/E14001022,CON HOLD,Conservative,Labour,Peter Aldous,51129,31778
604,605,Wealden,England,https://www.bbc.co.uk/news/politics/constituencies/E14001023,CON HOLD,Conservative,Liberal Democrat,Nus Ghani,60907,37043
605,606,Weaver Vale,England,https://www.bbc.co.uk/news/politics/constituencies/E14001024,LAB HOLD,Labour,Conservative,Mike Amesbury,50713,22772
606,607,Wellingborough,England,https://www.bbc.co.uk/news/politics/constituencies/E14001025,CON HOLD,Conservative,Labour,Peter Bone,51913,32277
607,608,Wells,England,https://www.bbc.co.uk/news/politics/constituencies/E14001026,CON HOLD,Conservative,Liberal Democrat,James Heappey,61628,33336
608,609,Welwyn Hatfield,England,https://www.bbc.co.uk/news/politics/constituencies/E14001027,CON HOLD,Conservative,Labour,Grant Shapps,52053,27394
609,610,Wentworth & Dearne,England,https://www.bbc.co.uk/news/politics/constituencies/E14001028,LAB HOLD,Labour,Conservative,John Healey,41557,16742
610,611,West Bromwich East,England,https://www.bbc.co.uk/news/politics/constituencies/E14001029,CON GAIN FROM LAB,Conservative,Labour,Nicola Richards,35975,16804
611,612,West Bromwich West,England,https://www.bbc.co.uk/news/politics/constituencies/E14001030,CON GAIN FROM LAB,Conservative,Labour,Shaun Bailey,34459,17419
612,613,West Ham,England,https://www.bbc.co.uk/news/politics/constituencies/E14001032,LAB HOLD,Labour,Conservative,Lyn Brown,60200,42181
613,614,West Tyrone,Northern Ireland,https://www.bbc.co.uk/news/politics/constituencies/N06000018,SF WIN,Sinn Féin,Democratic Unionist Party,Órfhlaith Begley,41186,16544
614,615,Westminster North,England,https://www.bbc.co.uk/news/politics/constituencies/E14001036,LAB HOLD,Labour,Conservative,Karen Buck,42911,23240
615,616,Westmorland & Lonsdale,England,https://www.bbc.co.uk/news/politics/constituencies/E14001037,LD HOLD,Liberal Democrat,Conservative,Tim Farron,52712,25795
616,617,Weston-Super-Mare,England,https://www.bbc.co.uk/news/politics/constituencies/E14001038,CON HOLD,Conservative,Labour,John Penrose,55614,31983
617,618,Wigan,England,https://www.bbc.co.uk/news/politics/constituencies/E14001039,LAB HOLD,Labour,Conservative,Lisa Nandy,45042,21042
618,619,Wiltshire North,England,https://www.bbc.co.uk/news/politics/constituencies/E14000860,CON HOLD,Conservative,Liberal Democrat,James Gray,54758,32373
619,620,Wiltshire South West,England,https://www.bbc.co.uk/news/politics/constituencies/E14000954,CON HOLD,Conservative,Labour,Andrew Murrison,54895,33038
620,621,Wimbledon,England,https://www.bbc.co.uk/news/politics/constituencies/E14001040,CON HOLD,Conservative,Liberal Democrat,Stephen Hammond,53027,20373
621,622,Winchester,England,https://www.bbc.co.uk/news/politics/constituencies/E14001041,CON HOLD,Conservative,Liberal Democrat,Steve Brine,58890,28430
622,623,Windsor,England,https://www.bbc.co.uk/news/politics/constituencies/E14001042,CON HOLD,Conservative,Liberal Democrat,Adam Afriyie,53750,31501
623,624,Wirral South,England,https://www.bbc.co.uk/news/politics/constituencies/E14001043,LAB HOLD,Labour,Conservative,Alison McGovern,43547,22284
624,625,Wirral West,England,https://www.bbc.co.uk/news/politics/constituencies/E14001044,LAB HOLD,Labour,Conservative,Margaret Greenwood,42918,20695
625,626,Witham,England,https://www.bbc.co.uk/news/politics/constituencies/E14001045,CON HOLD,Conservative,Labour,Priti Patel,49344,32876
626,627,Witney,England,https://www.bbc.co.uk/news/politics/constituencies/E14001046,CON HOLD,Conservative,Liberal Democrat,Robert Courts,61305,33856
627,628,Woking,England,https://www.bbc.co.uk/news/politics/constituencies/E14001047,CON HOLD,Conservative,Liberal Democrat,Jonathan Lord,53937,26396
628,629,Wokingham,England,https://www.bbc.co.uk/news/politics/constituencies/E14001048,CON HOLD,Conservative,Liberal Democrat,John Redwood,61997,30734
629,630,Wolverhampton North East,England,https://www.bbc.co.uk/news/politics/constituencies/E14001049,CON GAIN FROM LAB,Conservative,Labour,Jane Stevenson,34281,17722
630,631,Wolverhampton South East,England,https://www.bbc.co.uk/news/politics/constituencies/E14001050,LAB HOLD,Labour,Conservative,Pat McFadden,33443,15522
631,632,Wolverhampton South West,England,https://www.bbc.co.uk/news/politics/constituencies/E14001051,CON GAIN FROM LAB,Conservative,Labour,Stuart Anderson,41136,19864
632,633,Worcester,England,https://www.bbc.co.uk/news/politics/constituencies/E14001052,CON HOLD,Conservative,Labour,Robin Walker,50898,25856
633,634,Worcestershire Mid,England,https://www.bbc.co.uk/news/politics/constituencies/E14000818,CON HOLD,Conservative,Labour,Nigel Huddleston,56123,37426
634,635,Worcestershire West,England,https://www.bbc.co.uk/news/politics/constituencies/E14001035,CON HOLD,Conservative,Liberal Democrat,Harriett Baldwin,57530,34909
635,636,Workington,England,https://www.bbc.co.uk/news/politics/constituencies/E14001053,CON GAIN FROM LAB,Conservative,Labour,Mark Jenkinson,41599,20488
636,637,Worsley & Eccles South,England,https://www.bbc.co.uk/news/politics/constituencies/E14001054,LAB HOLD,Labour,Conservative,Barbara Keeley,44707,20446
637,638,Worthing East & Shoreham,England,https://www.bbc.co.uk/news/politics/constituencies/E14000682,CON HOLD,Conservative,Labour,Tim Loughton,53128,27107
638,639,Worthing West,England,https://www.bbc.co.uk/news/politics/constituencies/E14001055,CON HOLD,Conservative,Labour,Peter Bottomley,54648,30475
639,640,"Wrekin, The",England,https://www.bbc.co.uk/news/politics/constituencies/E14000992,CON HOLD,Conservative,Labour,Mark Pritchard,48890,31029
640,641,Wrexham,Wales,https://www.bbc.co.uk/news/politics/constituencies/W07000044,CON GAIN FROM LAB,Conservative,Labour,Sarah Atherton,33532,15199
641,642,Wycombe,England,https://www.bbc.co.uk/news/politics/constituencies/E14001056,CON HOLD,Conservative,Labour,Steve Baker,54756,24766
642,643,Wyre & Preston North,England,https://www.bbc.co.uk/news/politics/constituencies/E14001057,CON HOLD,Conservative,Labour,Ben Wallace,52924,31589
643,644,Wyre Forest,England,https://www.bbc.co.uk/news/politics/constituencies/E14001058,CON HOLD,Conservative,Labour,Mark Garnier,50561,32960
644,645,Wythenshawe & Sale East,England,https://www.bbc.co.uk/news/politics/constituencies/E14001059,LAB HOLD,Labour,Conservative,Mike Kane,44759,23855
645,646,Yeovil,England,https://www.bbc.co.uk/news/politics/constituencies/E14001060,CON HOLD,Conservative,Liberal Democrat,Marcus Fysh,59260,34588
646,647,Ynys Mon,Wales,https://www.bbc.co.uk/news/politics/constituencies/W07000041,CON GAIN FROM LAB,Conservative,Labour,Virginia Crosbie,36552,12959
647,648,York Central,England,https://www.bbc.co.uk/news/politics/constituencies/E14001061,LAB HOLD,Labour,Conservative,Rachael Maskell,49505,27312
648,649,York Outer,England,https://www.bbc.co.uk/news/politics/constituencies/E14001062,CON HOLD,Conservative,Labour,Julian Sturdy,55347,27324
649,650,Yorkshire East,England,https://www.bbc.co.uk/news/politics/constituencies/E14000683,CON HOLD,Conservative,Labour,Greg Knight,52769,33988
